"jurisdiction","week_of_allocations","pfizer_1st_dose","pfizer_2nd_dose","moderna_1st_dose","moderna_2nd_dose","janssen_1st_dose","total"
"Connecticut",2021-05-10,54990,54990,41300,41300,6400,198980
"Maine",2021-05-10,21060,21060,15800,15800,2500,76220
"Massachusetts",2021-05-10,105300,105300,79500,79500,12300,381900
"New Hampshire",2021-05-10,21060,21060,15900,15900,2500,76420
"Rhode Island",2021-05-10,16380,16380,12400,12400,2000,59560
"Vermont",2021-05-10,10530,10530,7500,7500,1200,37260
"New Jersey",2021-05-10,132210,132210,100700,100700,15600,481420
"New York",2021-05-10,168480,168480,128200,128200,19800,613160
"New York City",2021-05-10,128700,128700,97400,97400,15100,467300
"Puerto Rico",2021-05-10,52650,52650,39400,39400,6100,190200
"U.S. Virgin Islands",2021-05-10,2340,2340,1300,1300,200,7480
"Delaware",2021-05-10,15210,15210,11000,11000,1700,54120
"District of Columbia",2021-05-10,11700,11700,8300,8300,1300,41300
"Maryland",2021-05-10,90090,90090,68000,68000,10500,326680
"Pennsylvania",2021-05-10,170820,170820,129500,129500,20000,620640
"Philadelphia",2021-05-10,24570,24570,18000,18000,2800,87940
"Virginia",2021-05-10,126360,126360,95400,95400,14800,458320
"West Virginia",2021-05-10,28080,28080,21300,21300,3300,102060
"Alabama",2021-05-10,72540,72540,54900,54900,8500,263380
"Florida",2021-05-10,314730,314730,239700,239700,37000,1145860
"Georgia",2021-05-10,149760,149760,113600,113600,17600,544320
"Kentucky",2021-05-10,66690,66690,50000,50000,7800,241180
"Mississippi",2021-05-10,44460,44460,33200,33200,5100,160420
"North Carolina",2021-05-10,150930,150930,114600,114600,17700,548760
"South Carolina",2021-05-10,74880,74880,56300,56300,8700,271060
"Tennessee",2021-05-10,99450,99450,75100,75100,11600,360700
"Chicago",2021-05-10,40950,40950,30600,30600,4800,147900
"Illinois",2021-05-10,149760,149760,113800,113800,17600,544720
"Indiana",2021-05-10,97110,97110,73800,73800,11400,353220
"Michigan",2021-05-10,148590,148590,113100,113100,17500,540880
"Minnesota",2021-05-10,81900,81900,62000,62000,9600,297400
"Ohio",2021-05-10,173160,173160,131500,131500,20300,629620
"Wisconsin",2021-05-10,86580,86580,65900,65900,10200,315160
"Arkansas",2021-05-10,44460,44460,33400,33400,5200,160920
"Louisiana",2021-05-10,69030,69030,51900,51900,8000,249860
"New Mexico",2021-05-10,31590,31590,23700,23700,3600,114180
"Oklahoma",2021-05-10,57330,57330,43200,43200,6700,207760
"Texas",2021-05-10,394290,394290,3e+05,3e+05,46300,1434880
"Iowa",2021-05-10,46800,46800,35100,35100,5500,169300
"Kansas",2021-05-10,42120,42120,32000,32000,5000,153240
"Missouri",2021-05-10,90090,90090,68600,68600,10600,327980
"Nebraska",2021-05-10,28080,28080,21200,21200,3300,101860
"Colorado",2021-05-10,81900,81900,62300,62300,9700,298100
"Montana",2021-05-10,16380,16380,12000,12000,1900,58660
"North Dakota",2021-05-10,11700,11700,8700,8700,1400,42200
"South Dakota",2021-05-10,12870,12870,9600,9600,1500,46440
"Utah",2021-05-10,40950,40950,31200,31200,4900,149200
"Wyoming",2021-05-10,9360,9360,6600,6600,1000,32920
"Arizona",2021-05-10,102960,102960,77900,77900,12000,373720
"California",2021-05-10,575640,575640,438100,438100,67600,2095080
"Hawaii",2021-05-10,22230,22230,16300,16300,2600,79660
"Nevada",2021-05-10,43290,43290,32900,32900,5100,157480
"American Samoa",2021-05-10,0,0,0,0,0,0
"Guam",2021-05-10,0,0,0,0,0,0
"Marshall Islands",2021-05-10,0,0,0,0,0,0
"Micronesia",2021-05-10,0,0,0,0,0,0
"Mariana Islands",2021-05-10,0,0,0,0,0,0
"Palau",2021-05-10,0,0,0,0,0,0
"Alaska",2021-05-10,16380,16380,12100,12100,1900,58860
"Idaho",2021-05-10,24570,24570,18200,18200,2900,88440
"Oregon",2021-05-10,62010,62010,47100,47100,7300,225520
"Washington",2021-05-10,109980,109980,83600,83600,12900,400060
"Federal Entities",2021-05-10,218790,218790,161100,161100,33200,792980
"Connecticut",2021-05-03,54990,54990,40400,40400,8300,199080
"Maine",2021-05-03,21060,21060,15400,15400,3200,76120
"Massachusetts",2021-05-03,105300,105300,77700,77700,16000,382000
"New Hampshire",2021-05-03,21060,21060,15500,15500,3200,76320
"Rhode Island",2021-05-03,16380,16380,12100,12100,2500,59460
"Vermont",2021-05-03,10530,10530,7300,7300,1500,37160
"New Jersey",2021-05-03,132210,132210,98500,98500,20200,481620
"New York",2021-05-03,168480,168480,125400,125400,25700,613460
"New York City",2021-05-03,128700,128700,95200,95200,19500,467300
"Puerto Rico",2021-05-03,52650,52650,38500,38500,7900,190200
"U.S. Virgin Islands",2021-05-03,2340,2340,1200,1200,300,7380
"Delaware",2021-05-03,15210,15210,10700,10700,2200,54020
"District of Columbia",2021-05-03,11700,11700,8100,8100,1700,41300
"Maryland",2021-05-03,90090,90090,66500,66500,13600,326780
"Pennsylvania",2021-05-03,170820,170820,126700,126700,26000,621040
"Philadelphia",2021-05-03,24570,24570,17600,17600,3600,87940
"Virginia",2021-05-03,126360,126360,93300,93300,19200,458520
"West Virginia",2021-05-03,28080,28080,20800,20800,4300,102060
"Alabama",2021-05-03,72540,72540,53700,53700,11000,263480
"Florida",2021-05-03,314730,314730,234500,234500,48100,1146560
"Georgia",2021-05-03,149760,149760,111100,111100,22800,544520
"Kentucky",2021-05-03,66690,66690,48900,48900,10100,241280
"Mississippi",2021-05-03,44460,44460,32400,32400,6700,160420
"North Carolina",2021-05-03,150930,150930,112100,112100,23000,549060
"South Carolina",2021-05-03,74880,74880,55000,55000,11300,271060
"Tennessee",2021-05-03,99450,99450,73400,73400,15100,360800
"Chicago",2021-05-03,40950,40950,29900,29900,6200,147900
"Illinois",2021-05-03,149760,149760,111300,111300,22800,544920
"Indiana",2021-05-03,97110,97110,72200,72200,14800,353420
"Michigan",2021-05-03,148590,148590,110600,110600,22700,541080
"Minnesota",2021-05-03,81900,81900,60600,60600,12400,297400
"Ohio",2021-05-03,173160,173160,128600,128600,26400,629920
"Wisconsin",2021-05-03,86580,86580,64400,64400,13200,315160
"Arkansas",2021-05-03,44460,44460,32600,32600,6700,160820
"Louisiana",2021-05-03,69030,69030,50700,50700,10400,249860
"New Mexico",2021-05-03,31590,31590,23100,23100,4800,114180
"Oklahoma",2021-05-03,57330,57330,42200,42200,8700,207760
"Texas",2021-05-03,394290,394290,293500,293500,60100,1435680
"Iowa",2021-05-03,46800,46800,34300,34300,7100,169300
"Kansas",2021-05-03,42120,42120,31300,31300,6400,153240
"Missouri",2021-05-03,90090,90090,67100,67100,13800,328180
"Nebraska",2021-05-03,28080,28080,20700,20700,4300,101860
"Colorado",2021-05-03,81900,81900,60900,60900,12500,298100
"Montana",2021-05-03,16380,16380,11700,11700,2400,58560
"North Dakota",2021-05-03,11700,11700,8500,8500,1800,42200
"South Dakota",2021-05-03,12870,12870,9300,9300,2000,46340
"Utah",2021-05-03,40950,40950,30500,30500,6300,149200
"Wyoming",2021-05-03,9360,9360,6400,6400,1300,32820
"Arizona",2021-05-03,102960,102960,76200,76200,15600,373920
"California",2021-05-03,575640,575640,428600,428600,87800,2096280
"Hawaii",2021-05-03,22230,22230,15900,15900,3300,79560
"Nevada",2021-05-03,43290,43290,32100,32100,6600,157380
"American Samoa",2021-05-03,0,0,0,0,0,0
"Guam",2021-05-03,0,0,0,0,0,0
"Marshall Islands",2021-05-03,0,0,0,0,0,0
"Micronesia",2021-05-03,0,0,0,0,0,0
"Mariana Islands",2021-05-03,0,0,0,0,0,0
"Palau",2021-05-03,0,0,0,0,0,0
"Alaska",2021-05-03,18720,18720,15200,15200,2500,70340
"Idaho",2021-05-03,24570,24570,17800,17800,3700,88440
"Oregon",2021-05-03,62010,62010,46000,46000,9500,225520
"Washington",2021-05-03,109980,109980,81700,81700,16700,400060
"Federal Entities",2021-05-03,218790,218790,161100,161100,25700,785480
"Connecticut",2021-04-26,54990,54990,40400,40400,0,190780
"Maine",2021-04-26,21060,21060,15400,15400,0,72920
"Massachusetts",2021-04-26,105300,105300,77700,77700,0,366000
"New Hampshire",2021-04-26,21060,21060,15500,15500,0,73120
"Rhode Island",2021-04-26,16380,16380,12100,12100,0,56960
"Vermont",2021-04-26,10530,10530,7300,7300,0,35660
"New Jersey",2021-04-26,132210,132210,98500,98500,0,461420
"New York",2021-04-26,168480,168480,125400,125400,0,587760
"New York City",2021-04-26,128700,128700,95200,95200,0,447800
"Puerto Rico",2021-04-26,52650,52650,38500,38500,0,182300
"U.S. Virgin Islands",2021-04-26,2340,2340,1200,1200,0,7080
"Delaware",2021-04-26,15210,15210,10700,10700,0,51820
"District of Columbia",2021-04-26,11700,11700,8100,8100,0,39600
"Maryland",2021-04-26,90090,90090,66500,66500,0,313180
"Pennsylvania",2021-04-26,170820,170820,126700,126700,0,595040
"Philadelphia",2021-04-26,24570,24570,17600,17600,0,84340
"Virginia",2021-04-26,126360,126360,93300,93300,0,439320
"West Virginia",2021-04-26,28080,28080,20800,20800,0,97760
"Alabama",2021-04-26,72540,72540,53700,53700,0,252480
"Florida",2021-04-26,314730,314730,234500,234500,0,1098460
"Georgia",2021-04-26,149760,149760,111100,111100,0,521720
"Kentucky",2021-04-26,66690,66690,48900,48900,0,231180
"Mississippi",2021-04-26,44460,44460,32400,32400,0,153720
"North Carolina",2021-04-26,150930,150930,112100,112100,0,526060
"South Carolina",2021-04-26,74880,74880,55000,55000,0,259760
"Tennessee",2021-04-26,99450,99450,73400,73400,0,345700
"Chicago",2021-04-26,40950,40950,29900,29900,0,141700
"Illinois",2021-04-26,149760,149760,111300,111300,0,522120
"Indiana",2021-04-26,97110,97110,72200,72200,0,338620
"Michigan",2021-04-26,148590,148590,110600,110600,0,518380
"Minnesota",2021-04-26,81900,81900,60600,60600,0,285000
"Ohio",2021-04-26,173160,173160,128600,128600,0,603520
"Wisconsin",2021-04-26,86580,86580,64400,64400,0,301960
"Arkansas",2021-04-26,44460,44460,32600,32600,0,154120
"Louisiana",2021-04-26,69030,69030,50700,50700,0,239460
"New Mexico",2021-04-26,31590,31590,23100,23100,0,109380
"Oklahoma",2021-04-26,57330,57330,42200,42200,0,199060
"Texas",2021-04-26,394290,394290,293500,293500,0,1375580
"Iowa",2021-04-26,46800,46800,34300,34300,0,162200
"Kansas",2021-04-26,42120,42120,31300,31300,0,146840
"Missouri",2021-04-26,90090,90090,67100,67100,0,314380
"Nebraska",2021-04-26,28080,28080,20700,20700,0,97560
"Colorado",2021-04-26,81900,81900,60900,60900,0,285600
"Montana",2021-04-26,16380,16380,11700,11700,0,56160
"North Dakota",2021-04-26,11700,11700,8500,8500,0,40400
"South Dakota",2021-04-26,12870,12870,9300,9300,0,44340
"Utah",2021-04-26,40950,40950,30500,30500,0,142900
"Wyoming",2021-04-26,9360,9360,6400,6400,0,31520
"Arizona",2021-04-26,102960,102960,76200,76200,0,358320
"California",2021-04-26,575640,575640,428600,428600,0,2008480
"Hawaii",2021-04-26,22230,22230,15900,15900,0,76260
"Nevada",2021-04-26,43290,43290,32100,32100,0,150780
"American Samoa",2021-04-26,0,0,0,0,0,0
"Guam",2021-04-26,0,0,0,0,0,0
"Marshall Islands",2021-04-26,0,0,0,0,0,0
"Micronesia",2021-04-26,0,0,0,0,0,0
"Mariana Islands",2021-04-26,0,0,0,0,0,0
"Palau",2021-04-26,0,0,0,0,0,0
"Alaska",2021-04-26,0,0,0,0,0,0
"Idaho",2021-04-26,24570,24570,17800,17800,0,84740
"Oregon",2021-04-26,62010,62010,46000,46000,0,216020
"Washington",2021-04-26,109980,109980,81700,81700,0,383360
"Federal Entities",2021-04-26,218790,218790,161100,161100,0,759780
"Connecticut",2021-04-19,54990,54990,40400,40400,0,190780
"Maine",2021-04-19,21060,21060,15400,15400,0,72920
"Massachusetts",2021-04-19,105300,105300,77700,77700,0,366000
"New Hampshire",2021-04-19,21060,21060,15500,15500,0,73120
"Rhode Island",2021-04-19,16380,16380,12100,12100,0,56960
"Vermont",2021-04-19,10530,10530,7300,7300,0,35660
"New Jersey",2021-04-19,132210,132210,98500,98500,0,461420
"New York",2021-04-19,168480,168480,125400,125400,0,587760
"New York City",2021-04-19,128700,128700,95200,95200,0,447800
"Puerto Rico",2021-04-19,52650,52650,38500,38500,0,182300
"U.S. Virgin Islands",2021-04-19,2340,2340,1200,1200,0,7080
"Delaware",2021-04-19,15210,15210,10700,10700,0,51820
"District of Columbia",2021-04-19,11700,11700,8100,8100,0,39600
"Maryland",2021-04-19,90090,90090,66500,66500,0,313180
"Pennsylvania",2021-04-19,170820,170820,126700,126700,0,595040
"Philadelphia",2021-04-19,24570,24570,17600,17600,0,84340
"Virginia",2021-04-19,126360,126360,93300,93300,0,439320
"West Virginia",2021-04-19,28080,28080,20800,20800,0,97760
"Alabama",2021-04-19,72540,72540,53700,53700,0,252480
"Florida",2021-04-19,314730,314730,234500,234500,0,1098460
"Georgia",2021-04-19,149760,149760,111100,111100,0,521720
"Kentucky",2021-04-19,66690,66690,48900,48900,0,231180
"Mississippi",2021-04-19,44460,44460,32400,32400,0,153720
"North Carolina",2021-04-19,150930,150930,112100,112100,0,526060
"South Carolina",2021-04-19,74880,74880,55000,55000,0,259760
"Tennessee",2021-04-19,99450,99450,73400,73400,0,345700
"Chicago",2021-04-19,40950,40950,29900,29900,0,141700
"Illinois",2021-04-19,149760,149760,111300,111300,0,522120
"Indiana",2021-04-19,97110,97110,72200,72200,0,338620
"Michigan",2021-04-19,148590,148590,110600,110600,0,518380
"Minnesota",2021-04-19,81900,81900,60600,60600,0,285000
"Ohio",2021-04-19,173160,173160,128600,128600,0,603520
"Wisconsin",2021-04-19,86580,86580,64400,64400,0,301960
"Arkansas",2021-04-19,44460,44460,32600,32600,0,154120
"Louisiana",2021-04-19,69030,69030,50700,50700,0,239460
"New Mexico",2021-04-19,31590,31590,23100,23100,0,109380
"Oklahoma",2021-04-19,57330,57330,42200,42200,0,199060
"Texas",2021-04-19,394290,394290,293500,293500,0,1375580
"Iowa",2021-04-19,46800,46800,34300,34300,0,162200
"Kansas",2021-04-19,42120,42120,31300,31300,0,146840
"Missouri",2021-04-19,90090,90090,67100,67100,0,314380
"Nebraska",2021-04-19,28080,28080,20700,20700,0,97560
"Colorado",2021-04-19,81900,81900,60900,60900,0,285600
"Montana",2021-04-19,16380,16380,11700,11700,0,56160
"North Dakota",2021-04-19,11700,11700,8500,8500,0,40400
"South Dakota",2021-04-19,12870,12870,9300,9300,0,44340
"Utah",2021-04-19,40950,40950,30500,30500,0,142900
"Wyoming",2021-04-19,9360,9360,6400,6400,0,31520
"Arizona",2021-04-19,102960,102960,76200,76200,0,358320
"California",2021-04-19,575640,575640,428600,428600,0,2008480
"Hawaii",2021-04-19,22230,22230,15900,15900,0,76260
"Nevada",2021-04-19,43290,43290,32100,32100,0,150780
"American Samoa",2021-04-19,0,0,0,0,0,0
"Guam",2021-04-19,0,0,0,0,0,0
"Marshall Islands",2021-04-19,0,0,0,0,0,0
"Micronesia",2021-04-19,0,0,0,0,0,0
"Mariana Islands",2021-04-19,0,0,0,0,0,0
"Palau",2021-04-19,0,0,0,0,0,0
"Alaska",2021-04-19,0,0,0,0,0,0
"Idaho",2021-04-19,24570,24570,17800,17800,0,84740
"Oregon",2021-04-19,62010,62010,46000,46000,0,216020
"Washington",2021-04-19,109980,109980,81700,81700,0,383360
"Federal Entities",2021-04-19,203580,203580,149400,149400,0,705960
"Connecticut",2021-04-12,51480,51480,37400,37400,6400,184160
"Maine",2021-04-12,19890,19890,14300,14300,2500,70880
"Massachusetts",2021-04-12,97110,97110,72100,72100,12300,350720
"New Hampshire",2021-04-12,19890,19890,14300,14300,2500,70880
"Rhode Island",2021-04-12,15210,15210,11300,11300,2000,55020
"Vermont",2021-04-12,9360,9360,6700,6700,1200,33320
"New Jersey",2021-04-12,124020,124020,91300,91300,15600,446240
"New York",2021-04-12,156780,156780,116300,116300,19800,565960
"New York City",2021-04-12,119340,119340,88300,88300,15100,430380
"Puerto Rico",2021-04-12,49140,49140,35700,35700,6100,175780
"U.S. Virgin Islands",2021-04-12,2340,2340,1100,1100,200,7080
"Delaware",2021-04-12,14040,14040,9900,9900,1700,49580
"District of Columbia",2021-04-12,10530,10530,7500,7500,1300,37360
"Maryland",2021-04-12,83070,83070,61600,61600,10500,299840
"Pennsylvania",2021-04-12,159120,159120,117500,117500,20000,573240
"Philadelphia",2021-04-12,22230,22230,16300,16300,2800,79860
"Virginia",2021-04-12,117000,117000,86500,86500,14800,421800
"West Virginia",2021-04-12,26910,26910,19300,19300,3300,95720
"Alabama",2021-04-12,67860,67860,49800,49800,8500,243820
"Florida",2021-04-12,293670,293670,217400,217400,37000,1059140
"Georgia",2021-04-12,139230,139230,103000,103000,17600,502060
"Kentucky",2021-04-12,62010,62010,45300,45300,7800,222420
"Mississippi",2021-04-12,40950,40950,30000,30000,5100,147000
"North Carolina",2021-04-12,140400,140400,103900,103900,17700,506300
"South Carolina",2021-04-12,69030,69030,51000,51000,8700,248760
"Tennessee",2021-04-12,92430,92430,68100,68100,11600,332660
"Chicago",2021-04-12,37440,37440,27700,27700,4800,135080
"Illinois",2021-04-12,139230,139230,103100,103100,17600,502260
"Indiana",2021-04-12,91260,91260,66900,66900,11400,327720
"Michigan",2021-04-12,139230,139230,102600,102600,17500,501160
"Minnesota",2021-04-12,76050,76050,56200,56200,9600,274100
"Ohio",2021-04-12,161460,161460,119300,119300,20300,581820
"Wisconsin",2021-04-12,80730,80730,59700,59700,10200,291060
"Arkansas",2021-04-12,40950,40950,30200,30200,5200,147500
"Louisiana",2021-04-12,64350,64350,47000,47000,8000,230700
"New Mexico",2021-04-12,29250,29250,21400,21400,3700,105000
"Oklahoma",2021-04-12,53820,53820,39200,39200,6700,192740
"Texas",2021-04-12,367380,367380,272100,272100,46300,1325260
"Iowa",2021-04-12,43290,43290,31800,31800,5400,155580
"Kansas",2021-04-12,39780,39780,29000,29000,5000,142560
"Missouri",2021-04-12,84240,84240,62200,62200,10600,303480
"Nebraska",2021-04-12,26910,26910,19200,19200,3300,95520
"Colorado",2021-04-12,76050,76050,56500,56500,9700,274800
"Montana",2021-04-12,15210,15210,10800,10800,1900,53920
"North Dakota",2021-04-12,10530,10530,7800,7800,1400,38060
"South Dakota",2021-04-12,11700,11700,8700,8700,1500,42300
"Utah",2021-04-12,38610,38610,28300,28300,4900,138720
"Wyoming",2021-04-12,8190,8190,5900,5900,1000,29180
"Arizona",2021-04-12,95940,95940,70600,70600,12000,345080
"California",2021-04-12,535860,535860,397400,397400,67600,1934120
"Hawaii",2021-04-12,19890,19890,14800,14800,2600,71980
"Nevada",2021-04-12,40950,40950,29800,29800,5100,146600
"American Samoa",2021-04-12,0,0,0,0,0,0
"Guam",2021-04-12,0,0,0,0,0,0
"Marshall Islands",2021-04-12,0,0,0,0,0,0
"Micronesia",2021-04-12,0,0,0,0,0,0
"Mariana Islands",2021-04-12,0,0,0,0,0,0
"Palau",2021-04-12,0,0,0,0,0,0
"Alaska",2021-04-12,0,0,0,0,1900,1900
"Idaho",2021-04-12,23400,23400,16600,16600,2900,82900
"Oregon",2021-04-12,58500,58500,42700,42700,7300,209700
"Washington",2021-04-12,102960,102960,75700,75700,12900,370220
"Federal Entities",2021-04-12,201240,201240,149400,149400,129600,830880
"Connecticut",2021-04-05,50310,50310,37400,37400,53900,229320
"Maine",2021-04-05,19890,19890,14300,14300,20600,88980
"Massachusetts",2021-04-05,95940,95940,72100,72100,103800,439880
"New Hampshire",2021-04-05,19890,19890,14300,14300,20600,88980
"Rhode Island",2021-04-05,15210,15210,11300,11300,16200,69220
"Vermont",2021-04-05,9360,9360,6700,6700,9700,41820
"New Jersey",2021-04-05,120510,120510,91300,91300,131600,555220
"New York",2021-04-05,153270,153270,116300,116300,167600,706740
"New York City",2021-04-05,117000,117000,88300,88300,127200,537800
"Puerto Rico",2021-04-05,47970,47970,35700,35700,51400,218740
"U.S. Virgin Islands",2021-04-05,2340,2340,1100,1100,1600,8480
"Delaware",2021-04-05,14040,14040,9900,9900,14300,62180
"District of Columbia",2021-04-05,10530,10530,7500,7500,10800,46860
"Maryland",2021-04-05,81900,81900,61600,61600,88800,375800
"Pennsylvania",2021-04-05,155610,155610,117500,117500,169200,715420
"Philadelphia",2021-04-05,22230,22230,16300,16300,23500,100560
"Virginia",2021-04-05,114660,114660,86500,86500,124700,527020
"West Virginia",2021-04-05,25740,25740,19300,19300,27800,117880
"Alabama",2021-04-05,66690,66690,49800,49800,71800,304780
"Florida",2021-04-05,286650,286650,217400,217400,313200,1321300
"Georgia",2021-04-05,136890,136890,103000,103000,148500,628280
"Kentucky",2021-04-05,60840,60840,45300,45300,65300,277580
"Mississippi",2021-04-05,39780,39780,30000,30000,43200,182760
"North Carolina",2021-04-05,138060,138060,103900,103900,149800,633720
"South Carolina",2021-04-05,67860,67860,51000,51000,73500,311220
"Tennessee",2021-04-05,90090,90090,68100,68100,98100,414480
"Chicago",2021-04-05,37440,37440,27700,27700,39900,170180
"Illinois",2021-04-05,136890,136890,103100,103100,148600,628580
"Indiana",2021-04-05,88920,88920,66900,66900,96500,408140
"Michigan",2021-04-05,135720,135720,102600,102600,147800,624440
"Minnesota",2021-04-05,74880,74880,56200,56200,80800,342960
"Ohio",2021-04-05,157950,157950,119300,119300,171900,726400
"Wisconsin",2021-04-05,79560,79560,59700,59700,85900,364420
"Arkansas",2021-04-05,39780,39780,30200,30200,43500,183460
"Louisiana",2021-04-05,62010,62010,47000,47000,67700,285720
"New Mexico",2021-04-05,29250,29250,21400,21400,30800,132100
"Oklahoma",2021-04-05,52650,52650,39200,39200,56400,240100
"Texas",2021-04-05,359190,359190,272100,272100,392100,1654680
"Iowa",2021-04-05,42120,42120,31800,31800,45800,193640
"Kansas",2021-04-05,38610,38610,29000,29000,41800,177020
"Missouri",2021-04-05,83070,83070,62200,62200,89600,380140
"Nebraska",2021-04-05,25740,25740,19200,19200,27600,117480
"Colorado",2021-04-05,74880,74880,56500,56500,81400,344160
"Montana",2021-04-05,15210,15210,10800,10800,15600,67620
"North Dakota",2021-04-05,10530,10530,7800,7800,11300,47960
"South Dakota",2021-04-05,11700,11700,8700,8700,12500,53300
"Utah",2021-04-05,37440,37440,28300,28300,40700,172180
"Wyoming",2021-04-05,8190,8190,5900,5900,8500,36680
"Arizona",2021-04-05,93600,93600,70600,70600,101700,430100
"California",2021-04-05,524160,524160,397400,397400,572700,2415820
"Hawaii",2021-04-05,19890,19890,14800,14800,21300,90680
"Nevada",2021-04-05,39780,39780,29800,29800,42900,182060
"American Samoa",2021-04-05,0,0,0,0,3700,3700
"Guam",2021-04-05,0,0,0,0,16900,16900
"Marshall Islands",2021-04-05,0,0,0,0,9600,9600
"Micronesia",2021-04-05,0,0,0,0,15900,15900
"Mariana Islands",2021-04-05,0,0,0,0,1600,1600
"Palau",2021-04-05,0,0,0,0,3200,3200
"Alaska",2021-04-05,0,0,0,0,15800,15800
"Idaho",2021-04-05,22230,22230,16600,16600,23800,101460
"Oregon",2021-04-05,57330,57330,42700,42700,61400,261460
"Washington",2021-04-05,100620,100620,75700,75700,109000,461640
"Federal Entities",2021-04-05,243360,243360,143000,143000,84600,857320
"Connecticut",2021-03-29,60840,60840,35800,35800,21200,214480
"Maine",2021-03-29,23400,23400,13700,13700,8100,82300
"Massachusetts",2021-03-29,117000,117000,69000,69000,40800,412800
"New Hampshire",2021-03-29,23400,23400,13700,13700,8100,82300
"Rhode Island",2021-03-29,18720,18720,10800,10800,6400,65440
"Vermont",2021-03-29,11700,11700,6500,6500,3900,40300
"New Jersey",2021-03-29,148590,148590,87400,87400,51700,523680
"New York",2021-03-29,188370,188370,111300,111300,65800,665140
"New York City",2021-03-29,143910,143910,84500,84500,49900,506720
"Puerto Rico",2021-03-29,58500,58500,34200,34200,20300,205700
"U.S. Virgin Islands",2021-03-29,2340,2340,1100,1100,700,7580
"Delaware",2021-03-29,16380,16380,9500,9500,5600,57360
"District of Columbia",2021-03-29,12870,12870,7200,7200,4300,44440
"Maryland",2021-03-29,100620,100620,59000,59000,34900,354140
"Pennsylvania",2021-03-29,190710,190710,112400,112400,66400,672620
"Philadelphia",2021-03-29,26910,26910,15600,15600,9200,94220
"Virginia",2021-03-29,140400,140400,82800,82800,49000,495400
"West Virginia",2021-03-29,31590,31590,18500,18500,11000,111180
"Alabama",2021-03-29,80730,80730,47700,47700,28300,285160
"Florida",2021-03-29,352170,352170,208000,208000,122900,1243240
"Georgia",2021-03-29,167310,167310,98600,98600,58400,590220
"Kentucky",2021-03-29,73710,73710,43400,43400,25700,259920
"Mississippi",2021-03-29,49140,49140,28700,28700,17100,172780
"North Carolina",2021-03-29,168480,168480,99500,99500,58800,594760
"South Carolina",2021-03-29,83070,83070,48800,48800,28900,292640
"Tennessee",2021-03-29,111150,111150,65200,65200,38600,391300
"Chicago",2021-03-29,45630,45630,26500,26500,15700,159960
"Illinois",2021-03-29,167310,167310,98700,98700,58400,590420
"Indiana",2021-03-29,108810,108810,64100,64100,38000,383820
"Michigan",2021-03-29,166140,166140,98200,98200,58100,586780
"Minnesota",2021-03-29,91260,91260,53800,53800,31800,321920
"Ohio",2021-03-29,194220,194220,114100,114100,67400,684040
"Wisconsin",2021-03-29,97110,97110,57100,57100,33800,342220
"Arkansas",2021-03-29,49140,49140,28900,28900,17200,173280
"Louisiana",2021-03-29,77220,77220,45000,45000,26600,271040
"New Mexico",2021-03-29,35100,35100,20500,20500,12100,123300
"Oklahoma",2021-03-29,64350,64350,37500,37500,22200,225900
"Texas",2021-03-29,441090,441090,260400,260400,153900,1556880
"Iowa",2021-03-29,51480,51480,30400,30400,18100,181860
"Kansas",2021-03-29,47970,47970,27800,27800,16500,168040
"Missouri",2021-03-29,101790,101790,59500,59500,35200,357780
"Nebraska",2021-03-29,31590,31590,18400,18400,10900,110880
"Colorado",2021-03-29,92430,92430,54100,54100,32000,325060
"Montana",2021-03-29,17550,17550,10400,10400,6100,62000
"North Dakota",2021-03-29,12870,12870,7500,7500,4500,45240
"South Dakota",2021-03-29,14040,14040,8300,8300,5000,49680
"Utah",2021-03-29,46800,46800,27100,27100,16100,163900
"Wyoming",2021-03-29,10530,10530,5700,5700,3400,35860
"Arizona",2021-03-29,114660,114660,67600,67600,40000,404520
"California",2021-03-29,644670,644670,380300,380300,224600,2274540
"Hawaii",2021-03-29,24570,24570,14200,14200,8400,85940
"Nevada",2021-03-29,49140,49140,28500,28500,16900,172180
"American Samoa",2021-03-29,11700,0,5000,0,300,17000
"Guam",2021-03-29,25740,0,15000,0,900,41640
"Marshall Islands",2021-03-29,0,0,16800,0,400,17200
"Micronesia",2021-03-29,0,0,22600,0,600,23200
"Mariana Islands",2021-03-29,11700,0,5000,0,400,17100
"Palau",2021-03-29,0,0,6200,0,200,6400
"Alaska",2021-03-29,91260,79560,52500,52500,6300,282120
"Idaho",2021-03-29,26910,26910,15800,15800,9500,94920
"Oregon",2021-03-29,70200,70200,40800,40800,24200,246200
"Washington",2021-03-29,122850,122850,72400,72400,42800,433300
"Federal Entities",2021-03-29,201240,201240,143000,143000,16700,705180
"Connecticut",2021-03-22,50310,50310,35800,35800,4200,176420
"Maine",2021-03-22,19890,19890,13700,13700,1600,68780
"Massachusetts",2021-03-22,95940,95940,69000,69000,8000,337880
"New Hampshire",2021-03-22,19890,19890,13700,13700,1600,68780
"Rhode Island",2021-03-22,15210,15210,10800,10800,1300,53320
"Vermont",2021-03-22,9360,9360,6500,6500,800,32520
"New Jersey",2021-03-22,120510,120510,87400,87400,10200,426020
"New York",2021-03-22,153270,153270,111300,111300,12900,542040
"New York City",2021-03-22,117000,117000,84500,84500,9800,412800
"Puerto Rico",2021-03-22,47970,47970,34200,34200,4000,168340
"U.S. Virgin Islands",2021-03-22,2340,2340,1100,1100,200,7080
"Delaware",2021-03-22,14040,14040,9500,9500,1100,48180
"District of Columbia",2021-03-22,10530,10530,7200,7200,900,36360
"Maryland",2021-03-22,81900,81900,59000,59000,6900,288700
"Pennsylvania",2021-03-22,155610,155610,112400,112400,13000,549020
"Philadelphia",2021-03-22,22230,22230,15600,15600,1800,77460
"Virginia",2021-03-22,114660,114660,82800,82800,9600,404520
"West Virginia",2021-03-22,25740,25740,18500,18500,2200,90680
"Alabama",2021-03-22,66690,66690,47700,47700,5600,234380
"Florida",2021-03-22,286650,286650,208000,208000,24100,1013400
"Georgia",2021-03-22,136890,136890,98600,98600,11500,482480
"Kentucky",2021-03-22,60840,60840,43400,43400,5100,213580
"Mississippi",2021-03-22,39780,39780,28700,28700,3400,140360
"North Carolina",2021-03-22,138060,138060,99500,99500,11500,486620
"South Carolina",2021-03-22,67860,67860,48800,48800,5700,239020
"Tennessee",2021-03-22,90090,90090,65200,65200,7600,318180
"Chicago",2021-03-22,37440,37440,26500,26500,3100,130980
"Illinois",2021-03-22,136890,136890,98700,98700,11500,482680
"Indiana",2021-03-22,88920,88920,64100,64100,7500,313540
"Michigan",2021-03-22,135720,135720,98200,98200,11400,479240
"Minnesota",2021-03-22,74880,74880,53800,53800,6300,263660
"Ohio",2021-03-22,157950,157950,114100,114100,13200,557300
"Wisconsin",2021-03-22,79560,79560,57100,57100,6700,280020
"Arkansas",2021-03-22,39780,39780,28900,28900,3400,140760
"Louisiana",2021-03-22,62010,62010,45000,45000,5200,219220
"New Mexico",2021-03-22,29250,29250,20500,20500,2400,101900
"Oklahoma",2021-03-22,52650,52650,37500,37500,4400,184700
"Texas",2021-03-22,359190,359190,260400,260400,30200,1269380
"Iowa",2021-03-22,42120,42120,30400,30400,3600,148640
"Kansas",2021-03-22,38610,38610,27800,27800,3300,136120
"Missouri",2021-03-22,83070,83070,59500,59500,6900,292040
"Nebraska",2021-03-22,25740,25740,18400,18400,2200,90480
"Colorado",2021-03-22,74880,74880,54100,54100,6300,264260
"Montana",2021-03-22,15210,15210,10400,10400,1200,52420
"North Dakota",2021-03-22,10530,10530,7500,7500,900,36960
"South Dakota",2021-03-22,11700,11700,8300,8300,1000,41000
"Utah",2021-03-22,37440,37440,27100,27100,3200,132280
"Wyoming",2021-03-22,8190,8190,5700,5700,700,28480
"Arizona",2021-03-22,93600,93600,67600,67600,7900,330300
"California",2021-03-22,524160,524160,380300,380300,44000,1852920
"Hawaii",2021-03-22,19890,19890,14200,14200,1700,69880
"Nevada",2021-03-22,39780,39780,28500,28500,3300,139860
"American Samoa",2021-03-22,0,0,0,0,100,100
"Guam",2021-03-22,0,0,0,0,200,200
"Marshall Islands",2021-03-22,0,0,0,0,100,100
"Micronesia",2021-03-22,0,0,0,0,100,100
"Mariana Islands",2021-03-22,0,0,0,0,100,100
"Palau",2021-03-22,0,0,0,0,100,100
"Alaska",2021-03-22,0,0,0,0,1300,1300
"Idaho",2021-03-22,22230,22230,15800,15800,1900,77960
"Oregon",2021-03-22,57330,57330,40800,40800,4800,201060
"Washington",2021-03-22,100620,100620,72400,72400,8400,354440
"Federal Entities",2021-03-22,195390,195390,143000,143000,16700,693480
"Connecticut",2021-03-15,49140,49140,35800,35800,4200,174080
"Maine",2021-03-15,18720,18720,13700,13700,1600,66440
"Massachusetts",2021-03-15,93600,93600,69000,69000,8000,333200
"New Hampshire",2021-03-15,18720,18720,13700,13700,1600,66440
"Rhode Island",2021-03-15,15210,15210,10800,10800,1300,53320
"Vermont",2021-03-15,9360,9360,6500,6500,800,32520
"New Jersey",2021-03-15,119340,119340,87400,87400,10200,423680
"New York",2021-03-15,150930,150930,111300,111300,12900,537360
"New York City",2021-03-15,114660,114660,84500,84500,9800,408120
"Puerto Rico",2021-03-15,46800,46800,34200,34200,4000,166000
"U.S. Virgin Islands",2021-03-15,2340,2340,1100,1100,200,7080
"Delaware",2021-03-15,12870,12870,9500,9500,1100,45840
"District of Columbia",2021-03-15,10530,10530,7200,7200,900,36360
"Maryland",2021-03-15,80730,80730,59000,59000,6900,286360
"Pennsylvania",2021-03-15,153270,153270,112400,112400,13000,544340
"Philadelphia",2021-03-15,22230,22230,15600,15600,1800,77460
"Virginia",2021-03-15,112320,112320,82800,82800,9600,399840
"West Virginia",2021-03-15,25740,25740,18500,18500,2200,90680
"Alabama",2021-03-15,65520,65520,47700,47700,5600,232040
"Florida",2021-03-15,281970,281970,208000,208000,24100,1004040
"Georgia",2021-03-15,134550,134550,98600,98600,11500,477800
"Kentucky",2021-03-15,59670,59670,43400,43400,5100,211240
"Mississippi",2021-03-15,39780,39780,28700,28700,3400,140360
"North Carolina",2021-03-15,135720,135720,99500,99500,11500,481940
"South Carolina",2021-03-15,66690,66690,48800,48800,5700,236680
"Tennessee",2021-03-15,88920,88920,65200,65200,7600,315840
"Chicago",2021-03-15,36270,36270,26500,26500,3100,128640
"Illinois",2021-03-15,134550,134550,98700,98700,11500,478000
"Indiana",2021-03-15,87750,87750,64100,64100,7500,311200
"Michigan",2021-03-15,133380,133380,98200,98200,11400,474560
"Minnesota",2021-03-15,73710,73710,53800,53800,6300,261320
"Ohio",2021-03-15,155610,155610,114100,114100,13200,552620
"Wisconsin",2021-03-15,78390,78390,57100,57100,6700,277680
"Arkansas",2021-03-15,39780,39780,28900,28900,3400,140760
"Louisiana",2021-03-15,62010,62010,45000,45000,5200,219220
"New Mexico",2021-03-15,28080,28080,20500,20500,2400,99560
"Oklahoma",2021-03-15,51480,51480,37500,37500,4400,182360
"Texas",2021-03-15,353340,353340,260400,260400,30200,1257680
"Iowa",2021-03-15,42120,42120,30400,30400,3600,148640
"Kansas",2021-03-15,38610,38610,27800,27800,3300,136120
"Missouri",2021-03-15,80730,80730,59500,59500,6900,287360
"Nebraska",2021-03-15,25740,25740,18400,18400,2200,90480
"Colorado",2021-03-15,73710,73710,54100,54100,6300,261920
"Montana",2021-03-15,14040,14040,10400,10400,1200,50080
"North Dakota",2021-03-15,10530,10530,7500,7500,900,36960
"South Dakota",2021-03-15,11700,11700,8300,8300,1000,41000
"Utah",2021-03-15,37440,37440,27100,27100,3200,132280
"Wyoming",2021-03-15,8190,8190,5700,5700,700,28480
"Arizona",2021-03-15,92430,92430,67600,67600,7900,327960
"California",2021-03-15,515970,515970,380300,380300,44000,1836540
"Hawaii",2021-03-15,19890,19890,14200,14200,1700,69880
"Nevada",2021-03-15,38610,38610,28500,28500,3300,137520
"American Samoa",2021-03-15,0,0,0,0,100,100
"Guam",2021-03-15,0,0,0,0,200,200
"Marshall Islands",2021-03-15,0,0,0,0,100,100
"Micronesia",2021-03-15,0,0,0,0,100,100
"Mariana Islands",2021-03-15,0,0,0,0,100,100
"Palau",2021-03-15,0,0,0,0,100,100
"Alaska",2021-03-15,0,0,0,0,1300,1300
"Idaho",2021-03-15,22230,22230,15800,15800,1900,77960
"Oregon",2021-03-15,56160,56160,40800,40800,4800,198720
"Washington",2021-03-15,98280,98280,72400,72400,8400,349760
"Federal Entities",2021-03-15,182520,182520,143000,143000,120500,771540
"Connecticut",2021-03-08,45630,45630,35800,35800,0,162860
"Maine",2021-03-08,17550,17550,13700,13700,0,62500
"Massachusetts",2021-03-08,87750,87750,69000,69000,0,313500
"New Hampshire",2021-03-08,17550,17550,13700,13700,0,62500
"Rhode Island",2021-03-08,14040,14040,10800,10800,0,49680
"Vermont",2021-03-08,8190,8190,6500,6500,0,29380
"New Jersey",2021-03-08,111150,111150,87400,87400,0,397100
"New York",2021-03-08,140400,140400,111300,111300,0,503400
"New York City",2021-03-08,106470,106470,84500,84500,0,381940
"Puerto Rico",2021-03-08,43290,43290,34200,34200,0,154980
"U.S. Virgin Islands",2021-03-08,2340,2340,1100,1100,0,6880
"Delaware",2021-03-08,12870,12870,9500,9500,0,44740
"District of Columbia",2021-03-08,9360,9360,7200,7200,0,33120
"Maryland",2021-03-08,74880,74880,59000,59000,0,267760
"Pennsylvania",2021-03-08,141570,141570,112400,112400,0,507940
"Philadelphia",2021-03-08,19890,19890,15600,15600,0,70980
"Virginia",2021-03-08,105300,105300,82800,82800,0,376200
"West Virginia",2021-03-08,23400,23400,18500,18500,0,83800
"Alabama",2021-03-08,60840,60840,47700,47700,0,217080
"Florida",2021-03-08,262080,262080,208000,208000,0,940160
"Georgia",2021-03-08,125190,125190,98600,98600,0,447580
"Kentucky",2021-03-08,54990,54990,43400,43400,0,196780
"Mississippi",2021-03-08,36270,36270,28700,28700,0,129940
"North Carolina",2021-03-08,126360,126360,99500,99500,0,451720
"South Carolina",2021-03-08,62010,62010,48800,48800,0,221620
"Tennessee",2021-03-08,83070,83070,65200,65200,0,296540
"Chicago",2021-03-08,33930,33930,26500,26500,0,120860
"Illinois",2021-03-08,125190,125190,98700,98700,0,447780
"Indiana",2021-03-08,80730,80730,64100,64100,0,289660
"Michigan",2021-03-08,124020,124020,98200,98200,0,444440
"Minnesota",2021-03-08,67860,67860,53800,53800,0,243320
"Ohio",2021-03-08,143910,143910,114100,114100,0,516020
"Wisconsin",2021-03-08,72540,72540,57100,57100,0,259280
"Arkansas",2021-03-08,37440,37440,28900,28900,0,132680
"Louisiana",2021-03-08,57330,57330,45000,45000,0,204660
"New Mexico",2021-03-08,25740,25740,20500,20500,0,92480
"Oklahoma",2021-03-08,47970,47970,37500,37500,0,170940
"Texas",2021-03-08,328770,328770,260400,260400,0,1178340
"Iowa",2021-03-08,38610,38610,30400,30400,0,138020
"Kansas",2021-03-08,35100,35100,27800,27800,0,125800
"Missouri",2021-03-08,76050,76050,59500,59500,0,271100
"Nebraska",2021-03-08,23400,23400,18400,18400,0,83600
"Colorado",2021-03-08,69030,69030,54100,54100,0,246260
"Montana",2021-03-08,14040,14040,10400,10400,0,48880
"North Dakota",2021-03-08,10530,10530,7500,7500,0,36060
"South Dakota",2021-03-08,10530,10530,8300,8300,0,37660
"Utah",2021-03-08,35100,35100,27100,27100,0,124400
"Wyoming",2021-03-08,8190,8190,5700,5700,0,27780
"Arizona",2021-03-08,85410,85410,67600,67600,0,306020
"California",2021-03-08,479700,479700,380300,380300,0,1720000
"Hawaii",2021-03-08,18720,18720,14200,14200,0,65840
"Nevada",2021-03-08,36270,36270,28500,28500,0,129540
"American Samoa",2021-03-08,0,0,0,0,0,0
"Guam",2021-03-08,0,0,0,0,0,0
"Marshall Islands",2021-03-08,0,0,0,0,0,0
"Micronesia",2021-03-08,0,0,0,0,0,0
"Mariana Islands",2021-03-08,0,0,0,0,0,0
"Palau",2021-03-08,0,0,0,0,0,0
"Alaska",2021-03-08,0,0,0,0,0,0
"Idaho",2021-03-08,19890,19890,15800,15800,0,71380
"Oregon",2021-03-08,51480,51480,40800,40800,0,184560
"Washington",2021-03-08,91260,91260,72400,72400,0,327320
"Federal Entities",2021-03-08,230490,221130,197900,193500,0,843020
"Alabama",2021-03-01,54990,54990,47700,47700,40100,245480
"Alaska",2021-03-01,53820,53820,49300,49300,8900,215140
"American Samoa",2021-03-01,9360,0,4400,0,400,14160
"Arizona",2021-03-01,78390,78390,67600,67600,56800,348780
"Arkansas",2021-03-01,33930,33930,28900,28900,24400,150060
"California",2021-03-01,438750,438750,380300,380300,320100,1958200
"Chicago",2021-03-01,31590,31590,26500,26500,22300,138480
"Colorado",2021-03-01,63180,63180,54100,54100,45500,280060
"Connecticut",2021-03-01,42120,42120,35800,35800,30200,186040
"Delaware",2021-03-01,11700,11700,9500,9500,8000,50400
"District of Columbia",2021-03-01,9360,9360,7200,7200,6000,39120
"Federal Entities",2021-03-01,209430,190710,180500,163500,139200,883340
"Florida",2021-03-01,239850,239850,208000,208000,175100,1070800
"Georgia",2021-03-01,114660,114660,98600,98600,83000,509520
"Guam",2021-03-01,21060,0,14200,0,1300,36560
"Hawaii",2021-03-01,16380,16380,14200,14200,11900,73060
"Idaho",2021-03-01,18720,18720,15800,15800,13300,82340
"Illinois",2021-03-01,114660,114660,98700,98700,83100,509820
"Indiana",2021-03-01,74880,74880,64100,64100,53900,331860
"Iowa",2021-03-01,35100,35100,30400,30400,25600,156600
"Kansas",2021-03-01,32760,32760,27800,27800,23400,144520
"Kentucky",2021-03-01,50310,50310,43400,43400,36500,223920
"Louisiana",2021-03-01,52650,52650,45000,45000,37900,233200
"Maine",2021-03-01,16380,16380,13700,13700,11500,71660
"Mariana Islands",2021-03-01,9360,0,4600,0,400,14360
"Marshall Islands",2021-03-01,0,0,14000,0,600,14600
"Maryland",2021-03-01,69030,69030,59000,59000,49600,305660
"Massachusetts",2021-03-01,79560,79560,69000,69000,58100,355220
"Michigan",2021-03-01,113490,113490,98200,98200,82700,506080
"Micronesia",2021-03-01,0,0,16600,0,800,17400
"Minnesota",2021-03-01,62010,62010,53800,53800,45200,276820
"Mississippi",2021-03-01,33930,33930,28700,28700,24200,149460
"Missouri",2021-03-01,69030,69030,59500,59500,50100,307160
"Montana",2021-03-01,12870,12870,10400,10400,8700,55240
"Nebraska",2021-03-01,22230,22230,18400,18400,15500,96760
"Nevada",2021-03-01,33930,33930,28500,28500,24000,148860
"New Hampshire",2021-03-01,16380,16380,13700,13700,11600,71760
"New Jersey",2021-03-01,101790,101790,87400,87400,73600,451980
"New Mexico",2021-03-01,24570,24570,20500,20500,17200,107340
"New York",2021-03-01,128700,128700,111300,111300,93700,573700
"New York City",2021-03-01,98280,98280,84500,84500,71100,436660
"North Carolina",2021-03-01,115830,115830,99500,99500,83700,514360
"North Dakota",2021-03-01,9360,9360,7500,7500,6300,40020
"Ohio",2021-03-01,132210,132210,114100,114100,96100,588720
"Oklahoma",2021-03-01,43290,43290,37500,37500,31500,193080
"Oregon",2021-03-01,47970,47970,40800,40800,34400,211940
"Palau",2021-03-01,0,0,5400,0,200,5600
"Pennsylvania",2021-03-01,129870,129870,112400,112400,94600,579140
"Philadelphia",2021-03-01,18720,18720,15600,15600,13100,81740
"Puerto Rico",2021-03-01,39780,39780,34200,34200,28800,176760
"Rhode Island",2021-03-01,12870,12870,10800,10800,9100,56440
"South Carolina",2021-03-01,57330,57330,48800,48800,41100,253360
"South Dakota",2021-03-01,10530,10530,8300,8300,7000,44660
"Tennessee",2021-03-01,76050,76050,65200,65200,54800,337300
"Texas",2021-03-01,300690,300690,260400,260400,219200,1341380
"U.S. Virgin Islands",2021-03-01,2340,2340,1100,1100,900,7780
"Utah",2021-03-01,31590,31590,27100,27100,22800,140180
"Vermont",2021-03-01,8190,8190,6500,6500,5400,34780
"Virginia",2021-03-01,95940,95940,82800,82800,69700,427180
"Washington",2021-03-01,84240,84240,72400,72400,60900,374180
"West Virginia",2021-03-01,22230,22230,18500,18500,15500,96960
"Wisconsin",2021-03-01,66690,66690,57100,57100,48000,295580
"Wyoming",2021-03-01,7020,7020,5700,5700,4800,30240
"Alabama",2021-02-22,47970,47970,47700,47700,0,191340
"Alaska",2021-02-22,0,0,0,0,0,0
"American Samoa",2021-02-22,0,0,0,0,0,0
"Arizona",2021-02-22,69030,69030,67600,67600,0,273260
"Arkansas",2021-02-22,29250,29250,28900,28900,0,116300
"California",2021-02-22,382590,382590,380300,380300,0,1525780
"Chicago",2021-02-22,26910,26910,26500,26500,0,106820
"Colorado",2021-02-22,54990,54990,54100,54100,0,218180
"Connecticut",2021-02-22,36270,36270,35800,35800,0,144140
"Delaware",2021-02-22,10530,10530,9500,9500,0,40060
"District of Columbia",2021-02-22,8190,8190,7200,7200,0,30780
"Federal Entities",2021-02-22,166140,166140,163500,163500,0,659280
"Florida",2021-02-22,209430,209430,208000,208000,0,834860
"Georgia",2021-02-22,99450,99450,98600,98600,0,396100
"Guam",2021-02-22,0,0,0,0,0,0
"Hawaii",2021-02-22,15210,15210,14200,14200,0,58820
"Idaho",2021-02-22,16380,16380,15800,15800,0,64360
"Illinois",2021-02-22,99450,99450,98700,98700,0,396300
"Indiana",2021-02-22,64350,64350,64100,64100,0,256900
"Iowa",2021-02-22,31590,31590,30400,30400,0,123980
"Kansas",2021-02-22,28080,28080,27800,27800,0,111760
"Kentucky",2021-02-22,44460,44460,43400,43400,0,175720
"Louisiana",2021-02-22,45630,45630,45000,45000,0,181260
"Maine",2021-02-22,14040,14040,13700,13700,0,55480
"Mariana Islands",2021-02-22,0,0,0,0,0,0
"Marshall Islands",2021-02-22,0,0,0,0,0,0
"Maryland",2021-02-22,59670,59670,59000,59000,0,237340
"Massachusetts",2021-02-22,70200,70200,69000,69000,0,278400
"Michigan",2021-02-22,99450,99450,98200,98200,0,395300
"Micronesia",2021-02-22,0,0,0,0,0,0
"Minnesota",2021-02-22,54990,54990,53800,53800,0,217580
"Mississippi",2021-02-22,29250,29250,28700,28700,0,115900
"Missouri",2021-02-22,60840,60840,59500,59500,0,240680
"Montana",2021-02-22,10530,10530,10400,10400,0,41860
"Nebraska",2021-02-22,18720,18720,18400,18400,0,74240
"Nevada",2021-02-22,29250,29250,28500,28500,0,115500
"New Hampshire",2021-02-22,14040,14040,13700,13700,0,55480
"New Jersey",2021-02-22,88920,88920,87400,87400,0,352640
"New Mexico",2021-02-22,21060,21060,20500,20500,0,83120
"New York",2021-02-22,112320,112320,111300,111300,0,447240
"New York City",2021-02-22,85410,85410,84500,84500,0,339820
"North Carolina",2021-02-22,100620,100620,99500,99500,0,400240
"North Dakota",2021-02-22,8190,8190,7500,7500,0,31380
"Ohio",2021-02-22,115830,115830,114100,114100,0,459860
"Oklahoma",2021-02-22,38610,38610,37500,37500,0,152220
"Oregon",2021-02-22,42120,42120,40800,40800,0,165840
"Palau",2021-02-22,0,0,0,0,0,0
"Pennsylvania",2021-02-22,113490,113490,112400,112400,0,451780
"Philadelphia",2021-02-22,16380,16380,15600,15600,0,63960
"Puerto Rico",2021-02-22,35100,35100,34200,34200,0,138600
"Rhode Island",2021-02-22,11700,11700,10800,10800,0,45000
"South Carolina",2021-02-22,49140,49140,48800,48800,0,195880
"South Dakota",2021-02-22,9360,9360,8300,8300,0,35320
"Tennessee",2021-02-22,65520,65520,65200,65200,0,261440
"Texas",2021-02-22,262080,262080,260400,260400,0,1044960
"U.S. Virgin Islands",2021-02-22,1170,1170,1100,1100,0,4540
"Utah",2021-02-22,28080,28080,27100,27100,0,110360
"Vermont",2021-02-22,7020,7020,6500,6500,0,27040
"Virginia",2021-02-22,84240,84240,82800,82800,0,334080
"Washington",2021-02-22,73710,73710,72400,72400,0,292220
"West Virginia",2021-02-22,18720,18720,18500,18500,0,74440
"Wisconsin",2021-02-22,58500,58500,57100,57100,0,231200
"Wyoming",2021-02-22,5850,5850,5700,5700,0,23100
"Alabama",2021-02-15,30225,30225,47700,47700,0,155850
"Alaska",2021-02-15,0,0,0,0,0,0
"American Samoa",2021-02-15,0,0,0,0,0,0
"Arizona",2021-02-15,42900,42900,67600,67600,0,221000
"Arkansas",2021-02-15,18525,18525,28900,28900,0,94850
"California",2021-02-15,241800,241800,380300,380300,0,1244200
"Chicago",2021-02-15,17550,17550,26500,26500,0,88100
"Colorado",2021-02-15,35100,35100,54100,54100,0,178400
"Connecticut",2021-02-15,23400,23400,35800,35800,0,118400
"Delaware",2021-02-15,6825,6825,9500,9500,0,32650
"District of Columbia",2021-02-15,4875,4875,7200,7200,0,24150
"Federal Entities",2021-02-15,105300,105300,163500,163500,0,537600
"Florida",2021-02-15,132600,132600,208000,208000,0,681200
"Georgia",2021-02-15,63375,63375,98600,98600,0,323950
"Guam",2021-02-15,0,0,0,0,0,0
"Hawaii",2021-02-15,9750,9750,14200,14200,0,47900
"Idaho",2021-02-15,10725,10725,15800,15800,0,53050
"Illinois",2021-02-15,63375,63375,98700,98700,0,324150
"Indiana",2021-02-15,40950,40950,64100,64100,0,210100
"Iowa",2021-02-15,19500,19500,30400,30400,0,99800
"Kansas",2021-02-15,18525,18525,27800,27800,0,92650
"Kentucky",2021-02-15,28275,28275,43400,43400,0,143350
"Louisiana",2021-02-15,29250,29250,45000,45000,0,148500
"Maine",2021-02-15,8775,8775,13700,13700,0,44950
"Mariana Islands",2021-02-15,0,0,0,0,0,0
"Marshall Islands",2021-02-15,0,0,0,0,0,0
"Maryland",2021-02-15,38025,38025,59000,59000,0,194050
"Massachusetts",2021-02-15,43875,43875,69000,69000,0,225750
"Michigan",2021-02-15,62400,62400,98200,98200,0,321200
"Micronesia",2021-02-15,0,0,0,0,0,0
"Minnesota",2021-02-15,34125,34125,53800,53800,0,175850
"Mississippi",2021-02-15,18525,18525,28700,28700,0,94450
"Missouri",2021-02-15,38025,38025,59500,59500,0,195050
"Montana",2021-02-15,6825,6825,10400,10400,0,34450
"Nebraska",2021-02-15,11700,11700,18400,18400,0,60200
"Nevada",2021-02-15,18525,18525,28500,28500,0,94050
"New Hampshire",2021-02-15,8775,8775,13700,13700,0,44950
"New Jersey",2021-02-15,55575,55575,87400,87400,0,285950
"New Mexico",2021-02-15,13650,13650,20500,20500,0,68300
"New York",2021-02-15,71175,71175,111300,111300,0,364950
"New York City",2021-02-15,53625,53625,84500,84500,0,276250
"North Carolina",2021-02-15,63375,63375,99500,99500,0,325750
"North Dakota",2021-02-15,4875,4875,7500,7500,0,24750
"Ohio",2021-02-15,73125,73125,114100,114100,0,374450
"Oklahoma",2021-02-15,24375,24375,37500,37500,0,123750
"Oregon",2021-02-15,26325,26325,40800,40800,0,134250
"Palau",2021-02-15,0,0,0,0,0,0
"Pennsylvania",2021-02-15,71175,71175,112400,112400,0,367150
"Philadelphia",2021-02-15,10725,10725,15600,15600,0,52650
"Puerto Rico",2021-02-15,22425,22425,34200,34200,0,113250
"Rhode Island",2021-02-15,6825,6825,10800,10800,0,35250
"South Carolina",2021-02-15,31200,31200,48800,48800,0,160000
"South Dakota",2021-02-15,5850,5850,8300,8300,0,28300
"Tennessee",2021-02-15,41925,41925,65200,65200,0,214250
"Texas",2021-02-15,165750,165750,260400,260400,0,852300
"U.S. Virgin Islands",2021-02-15,975,975,1100,1100,0,4150
"Utah",2021-02-15,17550,17550,27100,27100,0,89300
"Vermont",2021-02-15,4875,4875,6500,6500,0,22750
"Virginia",2021-02-15,52650,52650,82800,82800,0,270900
"Washington",2021-02-15,46800,46800,72400,72400,0,238400
"West Virginia",2021-02-15,11700,11700,18500,18500,0,60400
"Wisconsin",2021-02-15,37050,37050,57100,57100,0,188300
"Wyoming",2021-02-15,3900,3900,5700,5700,0,19200
"Alabama",2021-02-08,30225,30225,44100,44100,0,148650
"Alaska",2021-02-08,0,0,0,0,0,0
"American Samoa",2021-02-08,0,0,0,0,0,0
"Arizona",2021-02-08,42900,42900,62500,62500,0,210800
"Arkansas",2021-02-08,18525,18525,26800,26800,0,90650
"California",2021-02-08,241800,241800,351900,351900,0,1187400
"Chicago",2021-02-08,17550,17550,24500,24500,0,84100
"Colorado",2021-02-08,35100,35100,50000,50000,0,170200
"Connecticut",2021-02-08,23400,23400,33100,33100,0,113000
"Delaware",2021-02-08,6825,6825,8800,8800,0,31250
"District of Columbia",2021-02-08,4875,4875,6600,6600,0,22950
"Federal Entities",2021-02-08,105300,105300,481400,481400,0,1173400
"Florida",2021-02-08,132600,132600,192500,192500,0,650200
"Georgia",2021-02-08,63375,63375,91300,91300,0,309350
"Guam",2021-02-08,0,0,0,0,0,0
"Hawaii",2021-02-08,9750,9750,13100,13100,0,45700
"Idaho",2021-02-08,10725,10725,14700,14700,0,50850
"Illinois",2021-02-08,63375,63375,91300,91300,0,309350
"Indiana",2021-02-08,40950,40950,59300,59300,0,200500
"Iowa",2021-02-08,19500,19500,28200,28200,0,95400
"Kansas",2021-02-08,18525,18525,25700,25700,0,88450
"Kentucky",2021-02-08,28275,28275,40200,40200,0,136950
"Louisiana",2021-02-08,29250,29250,41600,41600,0,141700
"Maine",2021-02-08,8775,8775,12700,12700,0,42950
"Mariana Islands",2021-02-08,0,0,0,0,0,0
"Marshall Islands",2021-02-08,0,0,0,0,0,0
"Maryland",2021-02-08,38025,38025,54600,54600,0,185250
"Massachusetts",2021-02-08,43875,43875,63800,63800,0,215350
"Michigan",2021-02-08,62400,62400,90900,90900,0,306600
"Micronesia",2021-02-08,0,0,0,0,0,0
"Minnesota",2021-02-08,34125,34125,49700,49700,0,167650
"Mississippi",2021-02-08,18525,18525,26600,26600,0,90250
"Missouri",2021-02-08,38025,38025,55100,55100,0,186250
"Montana",2021-02-08,6825,6825,9600,9600,0,32850
"Nebraska",2021-02-08,11700,11700,17000,17000,0,57400
"Nevada",2021-02-08,18525,18525,26400,26400,0,89850
"New Hampshire",2021-02-08,8775,8775,12700,12700,0,42950
"New Jersey",2021-02-08,55575,55575,80900,80900,0,272950
"New Mexico",2021-02-08,13650,13650,19000,19000,0,65300
"New York",2021-02-08,71175,71175,103000,103000,0,348350
"New York City",2021-02-08,53625,53625,78200,78200,0,263650
"North Carolina",2021-02-08,63375,63375,92000,92000,0,310750
"North Dakota",2021-02-08,4875,4875,6900,6900,0,23550
"Ohio",2021-02-08,73125,73125,105600,105600,0,357450
"Oklahoma",2021-02-08,24375,24375,34700,34700,0,118150
"Oregon",2021-02-08,26325,26325,37800,37800,0,128250
"Palau",2021-02-08,0,0,0,0,0,0
"Pennsylvania",2021-02-08,71175,71175,104000,104000,0,350350
"Philadelphia",2021-02-08,10725,10725,14400,14400,0,50250
"Puerto Rico",2021-02-08,22425,22425,31600,31600,0,108050
"Rhode Island",2021-02-08,6825,6825,10000,10000,0,33650
"South Carolina",2021-02-08,31200,31200,45200,45200,0,152800
"South Dakota",2021-02-08,5850,5850,7700,7700,0,27100
"Tennessee",2021-02-08,41925,41925,60300,60300,0,204450
"Texas",2021-02-08,165750,165750,241000,241000,0,813500
"U.S. Virgin Islands",2021-02-08,975,975,1000,1000,0,3950
"Utah",2021-02-08,17550,17550,25100,25100,0,85300
"Vermont",2021-02-08,4875,4875,6000,6000,0,21750
"Virginia",2021-02-08,52650,52650,76600,76600,0,258500
"Washington",2021-02-08,46800,46800,67000,67000,0,227600
"West Virginia",2021-02-08,11700,11700,17100,17100,0,57600
"Wisconsin",2021-02-08,37050,37050,52900,52900,0,179900
"Wyoming",2021-02-08,3900,3900,5300,5300,0,18400
"Alabama",2021-02-01,30225,30225,40400,40400,0,141250
"Alaska",2021-02-01,27300,27300,32300,32300,0,119200
"American Samoa",2021-02-01,7800,0,3200,0,0,11000
"Arizona",2021-02-01,42900,42900,57200,57200,0,200200
"Arkansas",2021-02-01,18525,18525,24500,24500,0,86050
"California",2021-02-01,240825,240825,322000,322000,0,1125650
"Chicago",2021-02-01,17550,17550,22400,22400,0,79900
"Colorado",2021-02-01,34125,34125,45800,45800,0,159850
"Connecticut",2021-02-01,23400,23400,30300,30300,0,107400
"Delaware",2021-02-01,6825,6825,8000,8000,0,29650
"District of Columbia",2021-02-01,4875,4875,6100,6100,0,21950
"Federal Entities",2021-02-01,119925,104325,151180,151800,0,527230
"Florida",2021-02-01,131625,131625,176100,176100,0,615450
"Georgia",2021-02-01,62400,62400,83500,83500,0,291800
"Guam",2021-02-01,7800,0,9200,0,0,17000
"Hawaii",2021-02-01,9750,9750,12000,12000,0,43500
"Idaho",2021-02-01,10725,10725,13400,13400,0,48250
"Illinois",2021-02-01,62400,62400,83600,83600,0,292000
"Indiana",2021-02-01,40950,40950,54300,54300,0,190500
"Iowa",2021-02-01,19500,19500,25800,25800,0,90600
"Kansas",2021-02-01,17550,17550,23500,23500,0,82100
"Kentucky",2021-02-01,28275,28275,36700,36700,0,129950
"Louisiana",2021-02-01,29250,29250,38100,38100,0,134700
"Maine",2021-02-01,8775,8775,11600,11600,0,40750
"Mariana Islands",2021-02-01,7800,0,3200,0,0,11000
"Marshall Islands",2021-02-01,0,0,6600,0,0,6600
"Maryland",2021-02-01,38025,38025,49900,49900,0,175850
"Massachusetts",2021-02-01,43875,43875,58400,58400,0,204550
"Michigan",2021-02-01,62400,62400,83100,83100,0,291000
"Micronesia",2021-02-01,0,0,9400,0,0,9400
"Minnesota",2021-02-01,34125,34125,45500,45500,0,159250
"Mississippi",2021-02-01,18525,18525,24300,24300,0,85650
"Missouri",2021-02-01,38025,38025,50400,50400,0,176850
"Montana",2021-02-01,6825,6825,8800,8800,0,31250
"Nebraska",2021-02-01,11700,11700,15500,15500,0,54400
"Nevada",2021-02-01,18525,18525,24100,24100,0,85250
"New Hampshire",2021-02-01,8775,8775,11600,11600,0,40750
"New Jersey",2021-02-01,55575,55575,74000,74000,0,259150
"New Mexico",2021-02-01,13650,13650,17300,17300,0,61900
"New York",2021-02-01,70200,70200,94200,94200,0,328800
"New York City",2021-02-01,53625,53625,71500,71500,0,250250
"North Carolina",2021-02-01,63375,63375,84200,84200,0,295150
"North Dakota",2021-02-01,4875,4875,6400,6400,0,22550
"Ohio",2021-02-01,72150,72150,96600,96600,0,337500
"Oklahoma",2021-02-01,24375,24375,31700,31700,0,112150
"Oregon",2021-02-01,26325,26325,34600,34600,0,121850
"Palau",2021-02-01,0,0,2800,0,0,2800
"Pennsylvania",2021-02-01,71175,71175,95200,95200,0,332750
"Philadelphia",2021-02-01,10725,10725,13200,13200,0,47850
"Puerto Rico",2021-02-01,22425,22425,28900,28900,0,102650
"Rhode Island",2021-02-01,6825,6825,9100,9100,0,31850
"South Carolina",2021-02-01,31200,31200,41400,41400,0,145200
"South Dakota",2021-02-01,5850,5850,7000,7000,0,25700
"Tennessee",2021-02-01,41925,41925,55200,55200,0,194250
"Texas",2021-02-01,164775,164775,220500,220500,0,770550
"U.S. Virgin Islands",2021-02-01,975,975,900,900,0,3750
"Utah",2021-02-01,17550,17550,22900,22900,0,80900
"Vermont",2021-02-01,4875,4875,5500,5500,0,20750
"Virginia",2021-02-01,52650,52650,70100,70100,0,245500
"Washington",2021-02-01,45825,45825,61300,61300,0,214250
"West Virginia",2021-02-01,11700,11700,15600,15600,0,54600
"Wisconsin",2021-02-01,36075,36075,48300,48300,0,168750
"Wyoming",2021-02-01,3900,3900,4800,4800,0,17400
"Alabama",2021-01-25,30225,30225,30600,30600,0,121650
"Alaska",2021-01-25,0,0,0,0,0,0
"American Samoa",2021-01-25,0,0,0,0,0,0
"Arizona",2021-01-25,42900,42900,43400,43400,0,172600
"Arkansas",2021-01-25,18525,18525,18600,18600,0,74250
"California",2021-01-25,241800,241800,244000,244000,0,971600
"Chicago",2021-01-25,17550,17550,17000,17000,0,69100
"Colorado",2021-01-25,35100,35100,34700,34700,0,139600
"Connecticut",2021-01-25,23400,23400,23000,23000,0,92800
"Delaware",2021-01-25,6825,6825,6100,6100,0,25850
"District of Columbia",2021-01-25,4875,4875,4600,4600,0,18950
"Federal Entities",2021-01-25,105300,105300,105300,105300,0,421200
"Florida",2021-01-25,132600,132600,133500,133500,0,532200
"Georgia",2021-01-25,63375,63375,63300,63300,0,253350
"Guam",2021-01-25,0,0,0,0,0,0
"Hawaii",2021-01-25,9750,9750,9100,9100,0,37700
"Idaho",2021-01-25,10725,10725,10200,10200,0,41850
"Illinois",2021-01-25,63375,63375,63300,63300,0,253350
"Indiana",2021-01-25,40950,40950,41100,41100,0,164100
"Iowa",2021-01-25,19500,19500,19500,19500,0,78000
"Kansas",2021-01-25,18525,18525,17800,17800,0,72650
"Kentucky",2021-01-25,28275,28275,27900,27900,0,112350
"Louisiana",2021-01-25,29250,29250,28900,28900,0,116300
"Maine",2021-01-25,8775,8775,8800,8800,0,35150
"Mariana Islands",2021-01-25,0,0,0,0,0,0
"Marshall Islands",2021-01-25,0,0,0,0,0,0
"Maryland",2021-01-25,38025,38025,37800,37800,0,151650
"Massachusetts",2021-01-25,43875,43875,44300,44300,0,176350
"Michigan",2021-01-25,62400,62400,63000,63000,0,250800
"Micronesia",2021-01-25,0,0,0,0,0,0
"Minnesota",2021-01-25,34125,34125,34500,34500,0,137250
"Mississippi",2021-01-25,18525,18525,18500,18500,0,74050
"Missouri",2021-01-25,38025,38025,38200,38200,0,152450
"Montana",2021-01-25,6825,6825,6700,6700,0,27050
"Nebraska",2021-01-25,11700,11700,11800,11800,0,47000
"Nevada",2021-01-25,18525,18525,18300,18300,0,73650
"New Hampshire",2021-01-25,8775,8775,8800,8800,0,35150
"New Jersey",2021-01-25,55575,55575,56100,56100,0,223350
"New Mexico",2021-01-25,13650,13650,13200,13200,0,53700
"New York",2021-01-25,71175,71175,71400,71400,0,285150
"New York City",2021-01-25,53625,53625,54200,54200,0,215650
"North Carolina",2021-01-25,63375,63375,63800,63800,0,254350
"North Dakota",2021-01-25,4875,4875,4800,4800,0,19350
"Ohio",2021-01-25,73125,73125,73200,73200,0,292650
"Oklahoma",2021-01-25,24375,24375,24100,24100,0,96950
"Oregon",2021-01-25,26325,26325,26200,26200,0,105050
"Palau",2021-01-25,0,0,0,0,0,0
"Pennsylvania",2021-01-25,71175,71175,72100,72100,0,286550
"Philadelphia",2021-01-25,10725,10725,10000,10000,0,41450
"Puerto Rico",2021-01-25,22425,22425,21900,21900,0,88650
"Rhode Island",2021-01-25,6825,6825,6900,6900,0,27450
"South Carolina",2021-01-25,31200,31200,31400,31400,0,125200
"South Dakota",2021-01-25,5850,5850,5300,5300,0,22300
"Tennessee",2021-01-25,41925,41925,41800,41800,0,167450
"Texas",2021-01-25,165750,165750,167100,167100,0,665700
"U.S. Virgin Islands",2021-01-25,975,975,700,700,0,3350
"Utah",2021-01-25,17550,17550,17400,17400,0,69900
"Vermont",2021-01-25,4875,4875,4200,4200,0,18150
"Virginia",2021-01-25,52650,52650,53100,53100,0,211500
"Washington",2021-01-25,46800,46800,46500,46500,0,186600
"West Virginia",2021-01-25,11700,11700,11900,11900,0,47200
"Wisconsin",2021-01-25,37050,37050,36700,36700,0,147500
"Wyoming",2021-01-25,3900,3900,3700,3700,0,15200
"Alabama",2021-01-18,30225,30225,30600,30600,0,121650
"Alaska",2021-01-18,0,0,0,0,0,0
"American Samoa",2021-01-18,0,0,0,0,0,0
"Arizona",2021-01-18,42900,42900,43400,43400,0,172600
"Arkansas",2021-01-18,18525,18525,18600,18600,0,74250
"California",2021-01-18,241800,241800,244000,244000,0,971600
"Chicago",2021-01-18,17550,17550,17000,17000,0,69100
"Colorado",2021-01-18,35100,35100,34700,34700,0,139600
"Connecticut",2021-01-18,23400,23400,23000,23000,0,92800
"Delaware",2021-01-18,6825,6825,6100,6100,0,25850
"District of Columbia",2021-01-18,4875,4875,4600,4600,0,18950
"Federal Entities",2021-01-18,105300,105300,105000,105000,0,420600
"Florida",2021-01-18,132600,132600,133500,133500,0,532200
"Georgia",2021-01-18,63375,63375,63300,63300,0,253350
"Guam",2021-01-18,0,0,0,0,0,0
"Hawaii",2021-01-18,9750,9750,9100,9100,0,37700
"Idaho",2021-01-18,10725,10725,10200,10200,0,41850
"Illinois",2021-01-18,63375,63375,63300,63300,0,253350
"Indiana",2021-01-18,40950,40950,41100,41100,0,164100
"Iowa",2021-01-18,19500,19500,19500,19500,0,78000
"Kansas",2021-01-18,18525,18525,17800,17800,0,72650
"Kentucky",2021-01-18,28275,28275,27900,27900,0,112350
"Louisiana",2021-01-18,29250,29250,28900,28900,0,116300
"Maine",2021-01-18,8775,8775,8800,8800,0,35150
"Mariana Islands",2021-01-18,0,0,0,0,0,0
"Marshall Islands",2021-01-18,0,0,0,0,0,0
"Maryland",2021-01-18,38025,38025,37800,37800,0,151650
"Massachusetts",2021-01-18,43875,43875,44300,44300,0,176350
"Michigan",2021-01-18,62400,62400,63000,63000,0,250800
"Micronesia",2021-01-18,0,0,0,0,0,0
"Minnesota",2021-01-18,34125,34125,34500,34500,0,137250
"Mississippi",2021-01-18,18525,18525,18500,18500,0,74050
"Missouri",2021-01-18,38025,38025,38200,38200,0,152450
"Montana",2021-01-18,6825,6825,6700,6700,0,27050
"Nebraska",2021-01-18,11700,11700,11800,11800,0,47000
"Nevada",2021-01-18,18525,18525,18300,18300,0,73650
"New Hampshire",2021-01-18,8775,8775,8800,8800,0,35150
"New Jersey",2021-01-18,55575,55575,56100,56100,0,223350
"New Mexico",2021-01-18,13650,13650,13200,13200,0,53700
"New York",2021-01-18,71175,71175,71400,71400,0,285150
"New York City",2021-01-18,53625,53625,54200,54200,0,215650
"North Carolina",2021-01-18,63375,63375,63800,63800,0,254350
"North Dakota",2021-01-18,4875,4875,4800,4800,0,19350
"Ohio",2021-01-18,73125,73125,73200,73200,0,292650
"Oklahoma",2021-01-18,24375,24375,24100,24100,0,96950
"Oregon",2021-01-18,26325,26325,26200,26200,0,105050
"Palau",2021-01-18,0,0,0,0,0,0
"Pennsylvania",2021-01-18,71175,71175,72100,72100,0,286550
"Philadelphia",2021-01-18,10725,10725,10000,10000,0,41450
"Puerto Rico",2021-01-18,22425,22425,21900,21900,0,88650
"Rhode Island",2021-01-18,6825,6825,6900,6900,0,27450
"South Carolina",2021-01-18,31200,31200,31400,31400,0,125200
"South Dakota",2021-01-18,5850,5850,5300,5300,0,22300
"Tennessee",2021-01-18,41925,41925,41800,41800,0,167450
"Texas",2021-01-18,165750,165750,167100,167100,0,665700
"U.S. Virgin Islands",2021-01-18,975,975,700,700,0,3350
"Utah",2021-01-18,17550,17550,17400,17400,0,69900
"Vermont",2021-01-18,4875,4875,4200,4200,0,18150
"Virginia",2021-01-18,52650,52650,53100,53100,0,211500
"Washington",2021-01-18,46800,46800,46500,46500,0,186600
"West Virginia",2021-01-18,11700,11700,11900,11900,0,47200
"Wisconsin",2021-01-18,37050,37050,36700,36700,0,147500
"Wyoming",2021-01-18,3900,3900,3700,3700,0,15200
"Alabama",2021-01-11,29250,29250,29100,29100,0,116700
"Alaska",2021-01-11,0,0,0,0,0,0
"American Samoa",2021-01-11,0,0,0,0,0,0
"Arizona",2021-01-11,41925,41925,41300,41300,0,166450
"Arkansas",2021-01-11,18525,18525,17700,17700,0,72450
"California",2021-01-11,233025,233025,232300,232300,0,930650
"Chicago",2021-01-11,16575,16575,16200,16200,0,65550
"Colorado",2021-01-11,33150,33150,33000,33000,0,132300
"Connecticut",2021-01-11,22425,22425,21900,21900,0,88650
"Delaware",2021-01-11,5850,5850,5800,5800,0,23300
"District of Columbia",2021-01-11,4875,4875,4400,4400,0,18550
"Federal Entities",2021-01-11,102375,102375,99900,99900,0,404550
"Florida",2021-01-11,127725,127725,127100,127100,0,509650
"Georgia",2021-01-11,60450,60450,60200,60200,0,241300
"Guam",2021-01-11,0,0,0,0,0,0
"Hawaii",2021-01-11,8775,8775,8700,8700,0,34950
"Idaho",2021-01-11,9750,9750,9700,9700,0,38900
"Illinois",2021-01-11,60450,60450,60300,60300,0,241500
"Indiana",2021-01-11,39975,39975,39200,39200,0,158350
"Iowa",2021-01-11,19500,19500,18600,18600,0,76200
"Kansas",2021-01-11,17550,17550,17000,17000,0,69100
"Kentucky",2021-01-11,27300,27300,26500,26500,0,107600
"Louisiana",2021-01-11,28275,28275,27500,27500,0,111550
"Maine",2021-01-11,8775,8775,8400,8400,0,34350
"Mariana Islands",2021-01-11,0,0,0,0,0,0
"Marshall Islands",2021-01-11,0,0,0,0,0,0
"Maryland",2021-01-11,36075,36075,36000,36000,0,144150
"Massachusetts",2021-01-11,42900,42900,42100,42100,0,170000
"Michigan",2021-01-11,60450,60450,60000,60000,0,240900
"Micronesia",2021-01-11,0,0,0,0,0,0
"Minnesota",2021-01-11,33150,33150,32900,32900,0,132100
"Mississippi",2021-01-11,17550,17550,17600,17600,0,70300
"Missouri",2021-01-11,37050,37050,36400,36400,0,146900
"Montana",2021-01-11,6825,6825,6400,6400,0,26450
"Nebraska",2021-01-11,11700,11700,11200,11200,0,45800
"Nevada",2021-01-11,17550,17550,17400,17400,0,69900
"New Hampshire",2021-01-11,8775,8775,8400,8400,0,34350
"New Jersey",2021-01-11,53625,53625,53400,53400,0,214050
"New Mexico",2021-01-11,12675,12675,12500,12500,0,50350
"New York",2021-01-11,68250,68250,68000,68000,0,272500
"New York City",2021-01-11,51675,51675,51600,51600,0,206550
"North Carolina",2021-01-11,61425,61425,60800,60800,0,244450
"North Dakota",2021-01-11,4875,4875,4600,4600,0,18950
"Ohio",2021-01-11,70200,70200,69700,69700,0,279800
"Oklahoma",2021-01-11,23400,23400,22900,22900,0,92600
"Oregon",2021-01-11,25350,25350,25000,25000,0,100700
"Palau",2021-01-11,0,0,0,0,0,0
"Pennsylvania",2021-01-11,69225,69225,68700,68700,0,275850
"Philadelphia",2021-01-11,9750,9750,9500,9500,0,38500
"Puerto Rico",2021-01-11,21450,21450,20900,20900,0,84700
"Rhode Island",2021-01-11,6825,6825,6600,6600,0,26850
"South Carolina",2021-01-11,30225,30225,29900,29900,0,120250
"South Dakota",2021-01-11,5850,5850,5100,5100,0,21900
"Tennessee",2021-01-11,39975,39975,39800,39800,0,159550
"Texas",2021-01-11,159900,159900,159100,159100,0,638000
"U.S. Virgin Islands",2021-01-11,975,975,700,700,0,3350
"Utah",2021-01-11,16575,16575,16600,16600,0,66350
"Vermont",2021-01-11,4875,4875,4000,4000,0,17750
"Virginia",2021-01-11,50700,50700,50600,50600,0,202600
"Washington",2021-01-11,57525,57525,44300,44300,0,203650
"West Virginia",2021-01-11,11700,11700,11300,11300,0,46000
"Wisconsin",2021-01-11,35100,35100,34900,34900,0,140000
"Wyoming",2021-01-11,3900,3900,3500,3500,0,14800
"Alabama",2021-01-04,29250,29250,29000,29000,0,116500
"Alaska",2021-01-04,27300,27300,25600,25600,0,105800
"American Samoa",2021-01-04,7800,0,2400,0,0,10200
"Arizona",2021-01-04,41925,41925,41100,41100,0,166050
"Arkansas",2021-01-04,18525,18525,17600,17600,0,72250
"California",2021-01-04,232050,232050,231400,231400,0,926900
"Chicago",2021-01-04,16575,16575,16100,16100,0,65350
"Colorado",2021-01-04,33150,33150,32900,32900,0,132100
"Connecticut",2021-01-04,22425,22425,21800,21800,0,88450
"Delaware",2021-01-04,5850,5850,5800,5800,0,23300
"District of Columbia",2021-01-04,4875,4875,4400,4400,0,18550
"Federal Entities",2021-01-04,117000,101400,108400,99600,0,426400
"Florida",2021-01-04,126750,126750,126600,126600,0,506700
"Georgia",2021-01-04,60450,60450,60000,60000,0,240900
"Guam",2021-01-04,7800,0,7200,0,0,15000
"Hawaii",2021-01-04,8775,8775,8600,8600,0,34750
"Idaho",2021-01-04,9750,9750,9700,9700,0,38900
"Illinois",2021-01-04,60450,60450,60100,60100,0,241100
"Indiana",2021-01-04,39000,39000,39000,39000,0,156000
"Iowa",2021-01-04,18525,18525,18500,18500,0,74050
"Kansas",2021-01-04,17550,17550,16900,16900,0,68900
"Kentucky",2021-01-04,27300,27300,26400,26400,0,107400
"Louisiana",2021-01-04,28275,28275,27400,27400,0,111350
"Maine",2021-01-04,8775,8775,8300,8300,0,34150
"Mariana Islands",2021-01-04,7800,0,2400,0,0,10200
"Marshall Islands",2021-01-04,0,0,6400,0,0,6400
"Maryland",2021-01-04,36075,36075,35900,35900,0,143950
"Massachusetts",2021-01-04,42900,42900,42000,42000,0,169800
"Michigan",2021-01-04,60450,60450,59800,59800,0,240500
"Micronesia",2021-01-04,0,0,9600,0,0,9600
"Minnesota",2021-01-04,33150,33150,32700,32700,0,131700
"Mississippi",2021-01-04,17550,17550,17500,17500,0,70100
"Missouri",2021-01-04,37050,37050,36200,36200,0,146500
"Montana",2021-01-04,6825,6825,6300,6300,0,26250
"Nebraska",2021-01-04,11700,11700,11200,11200,0,45800
"Nevada",2021-01-04,17550,17550,17300,17300,0,69700
"New Hampshire",2021-01-04,8775,8775,8400,8400,0,34350
"New Jersey",2021-01-04,53625,53625,53200,53200,0,213650
"New Mexico",2021-01-04,12675,12675,12500,12500,0,50350
"New York",2021-01-04,68250,68250,67700,67700,0,271900
"New York City",2021-01-04,51675,51675,51400,51400,0,206150
"North Carolina",2021-01-04,61425,61425,60500,60500,0,243850
"North Dakota",2021-01-04,4875,4875,4600,4600,0,18950
"Ohio",2021-01-04,70200,70200,69500,69500,0,279400
"Oklahoma",2021-01-04,23400,23400,22800,22800,0,92400
"Oregon",2021-01-04,25350,25350,24800,24800,0,100300
"Palau",2021-01-04,0,0,3200,0,0,3200
"Pennsylvania",2021-01-04,69225,69225,68400,68400,0,275250
"Philadelphia",2021-01-04,9750,9750,9500,9500,0,38500
"Puerto Rico",2021-01-04,21450,21450,20800,20800,0,84500
"Rhode Island",2021-01-04,6825,6825,6600,6600,0,26850
"South Carolina",2021-01-04,30225,30225,29700,29700,0,119850
"South Dakota",2021-01-04,5850,5850,5100,5100,0,21900
"Tennessee",2021-01-04,39975,39975,39700,39700,0,159350
"Texas",2021-01-04,158925,158925,158500,158500,0,634850
"U.S. Virgin Islands",2021-01-04,975,975,700,700,0,3350
"Utah",2021-01-04,16575,16575,16500,16500,0,66150
"Vermont",2021-01-04,3900,3900,3900,3900,0,15600
"Virginia",2021-01-04,50700,50700,50400,50400,0,202200
"Washington",2021-01-04,44850,44850,44100,44100,0,177900
"West Virginia",2021-01-04,11700,11700,11200,11200,0,45800
"Wisconsin",2021-01-04,35100,35100,34700,34700,0,139600
"Wyoming",2021-01-04,3900,3900,3500,3500,0,14800
"Alabama",2020-12-28,38025,38025,29100,29100,0,134250
"Alaska",2020-12-28,0,0,0,0,0,0
"American Samoa",2020-12-28,0,0,0,0,0,0
"Arizona",2020-12-28,53625,53625,41300,41300,0,189850
"Arkansas",2020-12-28,23400,23400,17700,17700,0,82200
"California",2020-12-28,297375,297375,232300,232300,0,1059350
"Chicago",2020-12-28,21450,21450,16200,16200,0,75300
"Colorado",2020-12-28,42900,42900,33000,33000,0,151800
"Connecticut",2020-12-28,28275,28275,21900,21900,0,100350
"Delaware",2020-12-28,7800,7800,5800,5800,0,27200
"District of Columbia",2020-12-28,5850,5850,4400,4400,0,20500
"Federal Entities",2020-12-28,128700,128700,1e+05,1e+05,0,457400
"Florida",2020-12-28,162825,162825,127100,127100,0,579850
"Georgia",2020-12-28,77025,77025,60200,60200,0,274450
"Guam",2020-12-28,0,0,0,0,0,0
"Hawaii",2020-12-28,11700,11700,8700,8700,0,40800
"Idaho",2020-12-28,12675,12675,9700,9700,0,44750
"Illinois",2020-12-28,78000,78000,60300,60300,0,276600
"Indiana",2020-12-28,50700,50700,39200,39200,0,179800
"Iowa",2020-12-28,24375,24375,18600,18600,0,85950
"Kansas",2020-12-28,22425,22425,17000,17000,0,78850
"Kentucky",2020-12-28,34125,34125,26500,26500,0,121250
"Louisiana",2020-12-28,36075,36075,27500,27500,0,127150
"Maine",2020-12-28,10725,10725,8400,8400,0,38250
"Mariana Islands",2020-12-28,0,0,0,0,0,0
"Marshall Islands",2020-12-28,0,0,0,0,0,0
"Maryland",2020-12-28,46800,46800,36000,36000,0,165600
"Massachusetts",2020-12-28,54600,54600,42100,42100,0,193400
"Michigan",2020-12-28,77025,77025,60000,60000,0,274050
"Micronesia",2020-12-28,0,0,0,0,0,0
"Minnesota",2020-12-28,42900,42900,32900,32900,0,151600
"Mississippi",2020-12-28,22425,22425,17600,17600,0,80050
"Missouri",2020-12-28,46800,46800,36400,36400,0,166400
"Montana",2020-12-28,8775,8775,6400,6400,0,30350
"Nebraska",2020-12-28,14625,14625,11200,11200,0,51650
"Nevada",2020-12-28,22425,22425,17400,17400,0,79650
"New Hampshire",2020-12-28,10725,10725,8400,8400,0,38250
"New Jersey",2020-12-28,68250,68250,53400,53400,0,243300
"New Mexico",2020-12-28,16575,16575,12500,12500,0,58150
"New York",2020-12-28,87750,87750,68000,68000,0,311500
"New York City",2020-12-28,66300,66300,51600,51600,0,235800
"North Carolina",2020-12-28,78000,78000,60800,60800,0,277600
"North Dakota",2020-12-28,5850,5850,4600,4600,0,20900
"Ohio",2020-12-28,89700,89700,69700,69700,0,318800
"Oklahoma",2020-12-28,29250,29250,22900,22900,0,104300
"Oregon",2020-12-28,32175,32175,25000,25000,0,114350
"Palau",2020-12-28,0,0,0,0,0,0
"Pennsylvania",2020-12-28,88725,88725,68700,68700,0,314850
"Philadelphia",2020-12-28,12675,12675,9500,9500,0,44350
"Puerto Rico",2020-12-28,27300,27300,20900,20900,0,96400
"Rhode Island",2020-12-28,8775,8775,6600,6600,0,30750
"South Carolina",2020-12-28,39000,39000,29900,29900,0,137800
"South Dakota",2020-12-28,6825,6825,5100,5100,0,23850
"Tennessee",2020-12-28,51675,51675,39800,39800,0,182950
"Texas",2020-12-28,203775,203775,159100,159100,0,725750
"U.S. Virgin Islands",2020-12-28,975,975,700,700,0,3350
"Utah",2020-12-28,21450,21450,16600,16600,0,76100
"Vermont",2020-12-28,5850,5850,4000,4000,0,19700
"Virginia",2020-12-28,65325,65325,50600,50600,0,231850
"Washington",2020-12-28,57525,57525,44300,44300,0,203650
"West Virginia",2020-12-28,14625,14625,11300,11300,0,51850
"Wisconsin",2020-12-28,44850,44850,34900,34900,0,159500
"Wyoming",2020-12-28,4875,4875,3500,3500,0,16750
"Alabama",2020-12-21,29250,29250,84300,84300,0,227100
"Alaska",2020-12-21,0,0,26800,26800,0,53600
"American Samoa",2020-12-21,0,0,2400,0,0,2400
"Arizona",2020-12-21,41925,41925,119400,119400,0,322650
"Arkansas",2020-12-21,18525,18525,51100,51100,0,139250
"California",2020-12-21,233025,233025,672600,672600,0,1811250
"Chicago",2020-12-21,16575,16575,46800,46800,0,126750
"Colorado",2020-12-21,33150,33150,95600,95600,0,257500
"Connecticut",2020-12-21,22425,22425,63300,63300,0,171450
"Delaware",2020-12-21,5850,5850,16700,16700,0,45100
"District of Columbia",2020-12-21,4875,4875,12600,12600,0,34950
"Federal Entities",2020-12-21,102375,102375,298200,289200,0,792150
"Florida",2020-12-21,127725,127725,367900,367900,0,991250
"Georgia",2020-12-21,60450,60450,174400,174400,0,469700
"Guam",2020-12-21,0,0,7600,0,0,7600
"Hawaii",2020-12-21,8775,8775,25000,25000,0,67550
"Idaho",2020-12-21,9750,9750,28000,28000,0,75500
"Illinois",2020-12-21,60450,60450,174600,174600,0,470100
"Indiana",2020-12-21,39975,39975,113300,113300,0,306550
"Iowa",2020-12-21,19500,19500,53800,53800,0,146600
"Kansas",2020-12-21,17550,17550,49100,49100,0,133300
"Kentucky",2020-12-21,27300,27300,76700,76700,0,208000
"Louisiana",2020-12-21,28275,28275,79500,79500,0,215550
"Maine",2020-12-21,8775,8775,24200,24200,0,65950
"Mariana Islands",2020-12-21,0,0,2600,0,0,2600
"Marshall Islands",2020-12-21,0,0,7200,0,0,7200
"Maryland",2020-12-21,36075,36075,104300,104300,0,280750
"Massachusetts",2020-12-21,42900,42900,121900,121900,0,329600
"Michigan",2020-12-21,60450,60450,173600,173600,0,468100
"Micronesia",2020-12-21,0,0,9800,0,0,9800
"Minnesota",2020-12-21,33150,33150,94900,94900,0,256100
"Mississippi",2020-12-21,17550,17550,50800,50800,0,136700
"Missouri",2020-12-21,37050,37050,105300,105300,0,284700
"Montana",2020-12-21,6825,6825,18300,18300,0,50250
"Nebraska",2020-12-21,11700,11700,32400,32400,0,88200
"Nevada",2020-12-21,17550,17550,50300,50300,0,135700
"New Hampshire",2020-12-21,8775,8775,24200,24200,0,65950
"New Jersey",2020-12-21,53625,53625,154500,154500,0,416250
"New Mexico",2020-12-21,12675,12675,36100,36100,0,97550
"New York",2020-12-21,68250,68250,196800,196800,0,530100
"New York City",2020-12-21,51675,51675,149400,149400,0,402150
"North Carolina",2020-12-21,61425,61425,175900,175900,0,474650
"North Dakota",2020-12-21,4875,4875,13200,13200,0,36150
"Ohio",2020-12-21,70200,70200,201900,201900,0,544200
"Oklahoma",2020-12-21,23400,23400,66200,66200,0,179200
"Oregon",2020-12-21,25350,25350,72100,72100,0,194900
"Palau",2020-12-21,0,0,2800,0,0,2800
"Pennsylvania",2020-12-21,69225,69225,198800,198800,0,536050
"Philadelphia",2020-12-21,9750,9750,27600,27600,0,74700
"Puerto Rico",2020-12-21,21450,21450,60400,60400,0,163700
"Rhode Island",2020-12-21,6825,6825,19000,19000,0,51650
"South Carolina",2020-12-21,30225,30225,86400,86400,0,233250
"South Dakota",2020-12-21,5850,5850,14600,14600,0,40900
"Tennessee",2020-12-21,39975,39975,115200,115200,0,310350
"Texas",2020-12-21,159900,159900,460500,460500,0,1240800
"U.S. Virgin Islands",2020-12-21,975,975,1900,1900,0,5750
"Utah",2020-12-21,16575,16575,47800,47800,0,128750
"Vermont",2020-12-21,4875,4875,11400,11400,0,32550
"Virginia",2020-12-21,50700,50700,146400,146400,0,394200
"Washington",2020-12-21,44850,44850,128000,128000,0,345700
"West Virginia",2020-12-21,11700,11700,32600,32600,0,88600
"Wisconsin",2020-12-21,35100,35100,101000,101000,0,272200
"Wyoming",2020-12-21,3900,3900,10000,10000,0,27800
"Alabama",2020-12-14,40950,40950,0,0,0,81900
"Alaska",2020-12-14,35100,35100,0,0,0,70200
"American Samoa",2020-12-14,5850,0,0,0,0,5850
"Arizona",2020-12-14,58500,58500,0,0,0,117000
"Arkansas",2020-12-14,25350,25350,0,0,0,50700
"California",2020-12-14,327600,327600,0,0,0,655200
"Chicago",2020-12-14,23400,23400,0,0,0,46800
"Colorado",2020-12-14,46800,46800,0,0,0,93600
"Connecticut",2020-12-14,31200,31200,0,0,0,62400
"Delaware",2020-12-14,8775,8775,0,0,0,17550
"District of Columbia",2020-12-14,6825,6825,0,0,0,13650
"Federal Entities",2020-12-14,156000,142350,0,0,0,298350
"Florida",2020-12-14,179400,179400,0,0,0,358800
"Georgia",2020-12-14,84825,84825,0,0,0,169650
"Guam",2020-12-14,11700,0,0,0,0,11700
"Hawaii",2020-12-14,12675,12675,0,0,0,25350
"Idaho",2020-12-14,13650,13650,0,0,0,27300
"Illinois",2020-12-14,85800,85800,0,0,0,171600
"Indiana",2020-12-14,55575,55575,0,0,0,111150
"Iowa",2020-12-14,26325,26325,0,0,0,52650
"Kansas",2020-12-14,24375,24375,0,0,0,48750
"Kentucky",2020-12-14,38025,38025,0,0,0,76050
"Louisiana",2020-12-14,39000,39000,0,0,0,78000
"Maine",2020-12-14,12675,12675,0,0,0,25350
"Mariana Islands",2020-12-14,5850,0,0,0,0,5850
"Marshall Islands",2020-12-14,0,0,0,0,0,0
"Maryland",2020-12-14,50700,50700,0,0,0,101400
"Massachusetts",2020-12-14,59475,59475,0,0,0,118950
"Michigan",2020-12-14,84825,84825,0,0,0,169650
"Micronesia",2020-12-14,0,0,0,0,0,0
"Minnesota",2020-12-14,46800,46800,0,0,0,93600
"Mississippi",2020-12-14,25350,25350,0,0,0,50700
"Missouri",2020-12-14,51675,51675,0,0,0,103350
"Montana",2020-12-14,9750,9750,0,0,0,19500
"Nebraska",2020-12-14,16575,16575,0,0,0,33150
"Nevada",2020-12-14,25350,25350,0,0,0,50700
"New Hampshire",2020-12-14,12675,12675,0,0,0,25350
"New Jersey",2020-12-14,76050,76050,0,0,0,152100
"New Mexico",2020-12-14,17550,17550,0,0,0,35100
"New York",2020-12-14,96525,96525,0,0,0,193050
"New York City",2020-12-14,73125,73125,0,0,0,146250
"North Carolina",2020-12-14,85800,85800,0,0,0,171600
"North Dakota",2020-12-14,6825,6825,0,0,0,13650
"Ohio",2020-12-14,98475,98475,0,0,0,196950
"Oklahoma",2020-12-14,33150,33150,0,0,0,66300
"Oregon",2020-12-14,35100,35100,0,0,0,70200
"Palau",2020-12-14,0,0,0,0,0,0
"Pennsylvania",2020-12-14,97500,97500,0,0,0,195000
"Philadelphia",2020-12-14,13650,13650,0,0,0,27300
"Puerto Rico",2020-12-14,30225,30225,0,0,0,60450
"Rhode Island",2020-12-14,9750,9750,0,0,0,19500
"South Carolina",2020-12-14,42900,42900,0,0,0,85800
"South Dakota",2020-12-14,7800,7800,0,0,0,15600
"Tennessee",2020-12-14,56550,56550,0,0,0,113100
"Texas",2020-12-14,224250,224250,0,0,0,448500
"U.S. Virgin Islands",2020-12-14,975,975,0,0,0,1950
"Utah",2020-12-14,23400,23400,0,0,0,46800
"Vermont",2020-12-14,5850,5850,0,0,0,11700
"Virginia",2020-12-14,72150,72150,0,0,0,144300
"Washington",2020-12-14,62400,62400,0,0,0,124800
"West Virginia",2020-12-14,16575,16575,0,0,0,33150
"Wisconsin",2020-12-14,49725,49725,0,0,0,99450
"Wyoming",2020-12-14,4875,4875,0,0,0,9750
