{
  "runid": 1958,
  "vaccination_demographics_data": [
    {
      "Date": "2021-05-10",
      "Demographic_category": "Age_known",
      "Administered_Dose1": 141253461,
      "Administered_Dose1_pct_known": 0,
      "Administered_Dose1_pct_US": 92,
      "Administered_Dose2": 98448670,
      "Administered_Dose2_pct_known": 0,
      "Administered_Dose2_pct_US": 92,
      "Series_Complete_Yes": 106719817,
      "Series_Complete_Pop_Pct_known": 0,
      "Series_Complete_Pop_Pct_US": 92,
      "Administered_Dose1_pct_agegroup": 0,
      "Series_Complete_Pop_pct_agegroup": 0,
      "census": 0,
      "Administered_Dose1_Last14Days": null,
      "Administered_Dose1_pct_known_Last14Days": null,
      "Series_Complete_Yes_Last14Days": null,
      "Series_Complete_Pop_Pct_known_Last14Days": null
    },
    {
      "Date": "2021-05-10",
      "Demographic_category": "Age_unknown",
      "Administered_Dose1": 11566443,
      "Administered_Dose1_pct_known": 0,
      "Administered_Dose1_pct_US": 0,
      "Administered_Dose2": 8123345,
      "Administered_Dose2_pct_known": 0,
      "Administered_Dose2_pct_US": 0,
      "Series_Complete_Yes": 8810963,
      "Series_Complete_Pop_Pct_known": 0,
      "Series_Complete_Pop_Pct_US": 0,
      "Administered_Dose1_pct_agegroup": 0,
      "Series_Complete_Pop_pct_agegroup": 0,
      "census": 0,
      "Administered_Dose1_Last14Days": null,
      "Administered_Dose1_pct_known_Last14Days": null,
      "Series_Complete_Yes_Last14Days": null,
      "Series_Complete_Pop_Pct_known_Last14Days": null
    },
    {
      "Date": "2021-05-10",
      "Demographic_category": "Ages_<18yrs",
      "Administered_Dose1": 2253060,
      "Administered_Dose1_pct_known": 1.6,
      "Administered_Dose1_pct_US": 0,
      "Administered_Dose2": 997905,
      "Administered_Dose2_pct_known": 1,
      "Administered_Dose2_pct_US": 0,
      "Series_Complete_Yes": 1010103,
      "Series_Complete_Pop_Pct_known": 0.9,
      "Series_Complete_Pop_Pct_US": 0,
      "Administered_Dose1_pct_agegroup": 3.1,
      "Series_Complete_Pop_pct_agegroup": 1.4,
      "census": 73037927,
      "Administered_Dose1_Last14Days": 562343,
      "Administered_Dose1_pct_known_Last14Days": 5.3,
      "Series_Complete_Yes_Last14Days": 605977,
      "Series_Complete_Pop_Pct_known_Last14Days": 3.5
    },
    {
      "Date": "2021-05-10",
      "Demographic_category": "Ages_18-29_yrs",
      "Administered_Dose1": 18662059,
      "Administered_Dose1_pct_known": 13.2,
      "Administered_Dose1_pct_US": 0,
      "Administered_Dose2": 10578330,
      "Administered_Dose2_pct_known": 10.7,
      "Administered_Dose2_pct_US": 0,
      "Series_Complete_Yes": 11870784,
      "Series_Complete_Pop_Pct_known": 11.1,
      "Series_Complete_Pop_Pct_US": 0,
      "Administered_Dose1_pct_agegroup": 35.2,
      "Series_Complete_Pop_pct_agegroup": 22.4,
      "census": 53027982,
      "Administered_Dose1_Last14Days": 2469499,
      "Administered_Dose1_pct_known_Last14Days": 23.5,
      "Series_Complete_Yes_Last14Days": 3480908,
      "Series_Complete_Pop_Pct_known_Last14Days": 20.1
    },
    {
      "Date": "2021-05-10",
      "Demographic_category": "Ages_30-39_yrs",
      "Administered_Dose1": 19059125,
      "Administered_Dose1_pct_known": 13.5,
      "Administered_Dose1_pct_US": 0,
      "Administered_Dose2": 11985099,
      "Administered_Dose2_pct_known": 12.2,
      "Administered_Dose2_pct_US": 0,
      "Series_Complete_Yes": 13282833,
      "Series_Complete_Pop_Pct_known": 12.4,
      "Series_Complete_Pop_Pct_US": 0,
      "Administered_Dose1_pct_agegroup": 43.5,
      "Series_Complete_Pop_pct_agegroup": 30.3,
      "census": 43827888,
      "Administered_Dose1_Last14Days": 1944066,
      "Administered_Dose1_pct_known_Last14Days": 18.5,
      "Series_Complete_Yes_Last14Days": 3110793,
      "Series_Complete_Pop_Pct_known_Last14Days": 18
    },
    {
      "Date": "2021-05-10",
      "Demographic_category": "Ages_40-49_yrs",
      "Administered_Dose1": 19956735,
      "Administered_Dose1_pct_known": 14.1,
      "Administered_Dose1_pct_US": 0,
      "Administered_Dose2": 12908469,
      "Administered_Dose2_pct_known": 13.1,
      "Administered_Dose2_pct_US": 0,
      "Series_Complete_Yes": 14335529,
      "Series_Complete_Pop_Pct_known": 13.4,
      "Series_Complete_Pop_Pct_US": 0,
      "Administered_Dose1_pct_agegroup": 49.7,
      "Series_Complete_Pop_pct_agegroup": 35.7,
      "census": 40194520,
      "Administered_Dose1_Last14Days": 1847892,
      "Administered_Dose1_pct_known_Last14Days": 17.6,
      "Series_Complete_Yes_Last14Days": 3087323,
      "Series_Complete_Pop_Pct_known_Last14Days": 17.9
    },
    {
      "Date": "2021-05-10",
      "Demographic_category": "Ages_50-64_yrs",
      "Administered_Dose1": 38456881,
      "Administered_Dose1_pct_known": 27.2,
      "Administered_Dose1_pct_US": 0,
      "Administered_Dose2": 26864269,
      "Administered_Dose2_pct_known": 27.3,
      "Administered_Dose2_pct_US": 0,
      "Series_Complete_Yes": 29690303,
      "Series_Complete_Pop_Pct_known": 27.8,
      "Series_Complete_Pop_Pct_US": 0,
      "Administered_Dose1_pct_agegroup": 61.1,
      "Series_Complete_Pop_pct_agegroup": 47.2,
      "census": 62906022,
      "Administered_Dose1_Last14Days": 2618221,
      "Administered_Dose1_pct_known_Last14Days": 24.9,
      "Series_Complete_Yes_Last14Days": 5207759,
      "Series_Complete_Pop_Pct_known_Last14Days": 30.1
    },
    {
      "Date": "2021-05-10",
      "Demographic_category": "Ages_65-74_yrs",
      "Administered_Dose1": 25247587,
      "Administered_Dose1_pct_known": 17.9,
      "Administered_Dose1_pct_US": 0,
      "Administered_Dose2": 20486760,
      "Administered_Dose2_pct_known": 20.8,
      "Administered_Dose2_pct_US": 0,
      "Series_Complete_Yes": 21430964,
      "Series_Complete_Pop_Pct_known": 20.1,
      "Series_Complete_Pop_Pct_US": 0,
      "Administered_Dose1_pct_agegroup": 80.2,
      "Series_Complete_Pop_pct_agegroup": 68.1,
      "census": 31483433,
      "Administered_Dose1_Last14Days": 696894,
      "Administered_Dose1_pct_known_Last14Days": 6.6,
      "Series_Complete_Yes_Last14Days": 1197354,
      "Series_Complete_Pop_Pct_known_Last14Days": 6.9
    },
    {
      "Date": "2021-05-10",
      "Demographic_category": "Ages_75+_yrs",
      "Administered_Dose1": 17618014,
      "Administered_Dose1_pct_known": 12.5,
      "Administered_Dose1_pct_US": 0,
      "Administered_Dose2": 14627838,
      "Administered_Dose2_pct_known": 14.9,
      "Administered_Dose2_pct_US": 0,
      "Series_Complete_Yes": 15099301,
      "Series_Complete_Pop_Pct_known": 14.1,
      "Series_Complete_Pop_Pct_US": 0,
      "Administered_Dose1_pct_agegroup": 78,
      "Series_Complete_Pop_pct_agegroup": 66.9,
      "census": 22574830,
      "Administered_Dose1_Last14Days": 372577,
      "Administered_Dose1_pct_known_Last14Days": 3.5,
      "Series_Complete_Yes_Last14Days": 598897,
      "Series_Complete_Pop_Pct_known_Last14Days": 3.5
    },
    {
      "Date": "2021-05-10",
      "Demographic_category": "Race_eth_Hispanic",
      "Administered_Dose1": 11022766,
      "Administered_Dose1_pct_known": 13,
      "Administered_Dose1_pct_US": 0,
      "Administered_Dose2": 6784258,
      "Administered_Dose2_pct_known": 10.7,
      "Administered_Dose2_pct_US": 0,
      "Series_Complete_Yes": 7485649,
      "Series_Complete_Pop_Pct_known": 11,
      "Series_Complete_Pop_Pct_US": 0,
      "Administered_Dose1_pct_agegroup": 0,
      "Series_Complete_Pop_pct_agegroup": 0,
      "census": 0,
      "Administered_Dose1_Last14Days": 1521920,
      "Administered_Dose1_pct_known_Last14Days": 22.8,
      "Series_Complete_Yes_Last14Days": 1936911,
      "Series_Complete_Pop_Pct_known_Last14Days": 16.3
    },
    {
      "Date": "2021-05-10",
      "Demographic_category": "Race_eth_known",
      "Administered_Dose1": 85047311,
      "Administered_Dose1_pct_known": 0,
      "Administered_Dose1_pct_US": 55.7,
      "Administered_Dose2": 63238151,
      "Administered_Dose2_pct_known": 0,
      "Administered_Dose2_pct_US": 59.3,
      "Series_Complete_Yes": 68127681,
      "Series_Complete_Pop_Pct_known": 0,
      "Series_Complete_Pop_Pct_US": 59,
      "Administered_Dose1_pct_agegroup": 0,
      "Series_Complete_Pop_pct_agegroup": 0,
      "census": 0,
      "Administered_Dose1_Last14Days": null,
      "Administered_Dose1_pct_known_Last14Days": null,
      "Series_Complete_Yes_Last14Days": null,
      "Series_Complete_Pop_Pct_known_Last14Days": null
    },
    {
      "Date": "2021-05-10",
      "Demographic_category": "Race_eth_NHAIAN",
      "Administered_Dose1": 883478,
      "Administered_Dose1_pct_known": 1,
      "Administered_Dose1_pct_US": 0,
      "Administered_Dose2": 670276,
      "Administered_Dose2_pct_known": 1.1,
      "Administered_Dose2_pct_US": 0,
      "Series_Complete_Yes": 700066,
      "Series_Complete_Pop_Pct_known": 1,
      "Series_Complete_Pop_Pct_US": 0,
      "Administered_Dose1_pct_agegroup": 0,
      "Series_Complete_Pop_pct_agegroup": 0,
      "census": 0,
      "Administered_Dose1_Last14Days": 52514,
      "Administered_Dose1_pct_known_Last14Days": 0.8,
      "Series_Complete_Yes_Last14Days": 68968,
      "Series_Complete_Pop_Pct_known_Last14Days": 0.6
    },
    {
      "Date": "2021-05-10",
      "Demographic_category": "Race_eth_NHAsian",
      "Administered_Dose1": 4976436,
      "Administered_Dose1_pct_known": 5.9,
      "Administered_Dose1_pct_US": 0,
      "Administered_Dose2": 3344671,
      "Administered_Dose2_pct_known": 5.3,
      "Administered_Dose2_pct_US": 0,
      "Series_Complete_Yes": 3560810,
      "Series_Complete_Pop_Pct_known": 5.2,
      "Series_Complete_Pop_Pct_US": 0,
      "Administered_Dose1_pct_agegroup": 0,
      "Series_Complete_Pop_pct_agegroup": 0,
      "census": 0,
      "Administered_Dose1_Last14Days": 524461,
      "Administered_Dose1_pct_known_Last14Days": 7.9,
      "Series_Complete_Yes_Last14Days": 973011,
      "Series_Complete_Pop_Pct_known_Last14Days": 8.2
    },
    {
      "Date": "2021-05-10",
      "Demographic_category": "Race_eth_NHBlack",
      "Administered_Dose1": 7508932,
      "Administered_Dose1_pct_known": 8.8,
      "Administered_Dose1_pct_US": 0,
      "Administered_Dose2": 5350663,
      "Administered_Dose2_pct_known": 8.5,
      "Administered_Dose2_pct_US": 0,
      "Series_Complete_Yes": 5818920,
      "Series_Complete_Pop_Pct_known": 8.5,
      "Series_Complete_Pop_Pct_US": 0,
      "Administered_Dose1_pct_agegroup": 0,
      "Series_Complete_Pop_pct_agegroup": 0,
      "census": 0,
      "Administered_Dose1_Last14Days": 725200,
      "Administered_Dose1_pct_known_Last14Days": 10.9,
      "Series_Complete_Yes_Last14Days": 1087307,
      "Series_Complete_Pop_Pct_known_Last14Days": 9.2
    },
    {
      "Date": "2021-05-10",
      "Demographic_category": "Race_eth_NHMult_Oth",
      "Administered_Dose1": 6999951,
      "Administered_Dose1_pct_known": 8.2,
      "Administered_Dose1_pct_US": 0,
      "Administered_Dose2": 5146158,
      "Administered_Dose2_pct_known": 8.1,
      "Administered_Dose2_pct_US": 0,
      "Series_Complete_Yes": 5403384,
      "Series_Complete_Pop_Pct_known": 7.9,
      "Series_Complete_Pop_Pct_US": 0,
      "Administered_Dose1_pct_agegroup": 0,
      "Series_Complete_Pop_pct_agegroup": 0,
      "census": 0,
      "Administered_Dose1_Last14Days": 410742,
      "Administered_Dose1_pct_known_Last14Days": 6.2,
      "Series_Complete_Yes_Last14Days": 783841,
      "Series_Complete_Pop_Pct_known_Last14Days": 6.6
    },
    {
      "Date": "2021-05-10",
      "Demographic_category": "Race_eth_NHNHOPI",
      "Administered_Dose1": 244752,
      "Administered_Dose1_pct_known": 0.3,
      "Administered_Dose1_pct_US": 0,
      "Administered_Dose2": 167050,
      "Administered_Dose2_pct_known": 0.3,
      "Administered_Dose2_pct_US": 0,
      "Series_Complete_Yes": 178401,
      "Series_Complete_Pop_Pct_known": 0.3,
      "Series_Complete_Pop_Pct_US": 0,
      "Administered_Dose1_pct_agegroup": 0,
      "Series_Complete_Pop_pct_agegroup": 0,
      "census": 0,
      "Administered_Dose1_Last14Days": 27888,
      "Administered_Dose1_pct_known_Last14Days": 0.4,
      "Series_Complete_Yes_Last14Days": 35916,
      "Series_Complete_Pop_Pct_known_Last14Days": 0.3
    },
    {
      "Date": "2021-05-10",
      "Demographic_category": "Race_eth_NHWhite",
      "Administered_Dose1": 53410996,
      "Administered_Dose1_pct_known": 62.8,
      "Administered_Dose1_pct_US": 0,
      "Administered_Dose2": 41775075,
      "Administered_Dose2_pct_known": 66.1,
      "Administered_Dose2_pct_US": 0,
      "Series_Complete_Yes": 44980451,
      "Series_Complete_Pop_Pct_known": 66,
      "Series_Complete_Pop_Pct_US": 0,
      "Administered_Dose1_pct_agegroup": 0,
      "Series_Complete_Pop_pct_agegroup": 0,
      "census": 0,
      "Administered_Dose1_Last14Days": 3398472,
      "Administered_Dose1_pct_known_Last14Days": 51,
      "Series_Complete_Yes_Last14Days": 6977345,
      "Series_Complete_Pop_Pct_known_Last14Days": 58.8
    },
    {
      "Date": "2021-05-10",
      "Demographic_category": "Race_eth_unknown",
      "Administered_Dose1": 67772593,
      "Administered_Dose1_pct_known": 79.7,
      "Administered_Dose1_pct_US": 0,
      "Administered_Dose2": 43333864,
      "Administered_Dose2_pct_known": 68.5,
      "Administered_Dose2_pct_US": 0,
      "Series_Complete_Yes": 47403099,
      "Series_Complete_Pop_Pct_known": 69.6,
      "Series_Complete_Pop_Pct_US": 0,
      "Administered_Dose1_pct_agegroup": 0,
      "Series_Complete_Pop_pct_agegroup": 0,
      "census": 0,
      "Administered_Dose1_Last14Days": 3859654,
      "Administered_Dose1_pct_known_Last14Days": 36.7,
      "Series_Complete_Yes_Last14Days": 5427218,
      "Series_Complete_Pop_Pct_known_Last14Days": 31.4
    },
    {
      "Date": "2021-05-10",
      "Demographic_category": "Sex_Female",
      "Administered_Dose1": 74762005,
      "Administered_Dose1_pct_known": 53.5,
      "Administered_Dose1_pct_US": 0,
      "Administered_Dose2": 53424036,
      "Administered_Dose2_pct_known": 54.8,
      "Administered_Dose2_pct_US": 0,
      "Series_Complete_Yes": 57399998,
      "Series_Complete_Pop_Pct_known": 54.3,
      "Series_Complete_Pop_Pct_US": 0,
      "Administered_Dose1_pct_agegroup": 0,
      "Series_Complete_Pop_pct_agegroup": 0,
      "census": 0,
      "Administered_Dose1_Last14Days": 5020044,
      "Administered_Dose1_pct_known_Last14Days": 48.1,
      "Series_Complete_Yes_Last14Days": 8541389,
      "Series_Complete_Pop_Pct_known_Last14Days": 49.8
    },
    {
      "Date": "2021-05-10",
      "Demographic_category": "Sex_known",
      "Administered_Dose1": 139684166,
      "Administered_Dose1_pct_known": 0,
      "Administered_Dose1_pct_US": 91.4,
      "Administered_Dose2": 97518869,
      "Administered_Dose2_pct_known": 0,
      "Administered_Dose2_pct_US": 91.5,
      "Series_Complete_Yes": 105686586,
      "Series_Complete_Pop_Pct_known": 0,
      "Series_Complete_Pop_Pct_US": 91.5,
      "Administered_Dose1_pct_agegroup": 0,
      "Series_Complete_Pop_pct_agegroup": 0,
      "census": 0,
      "Administered_Dose1_Last14Days": null,
      "Administered_Dose1_pct_known_Last14Days": null,
      "Series_Complete_Yes_Last14Days": null,
      "Series_Complete_Pop_Pct_known_Last14Days": null
    },
    {
      "Date": "2021-05-10",
      "Demographic_category": "Sex_Male",
      "Administered_Dose1": 64922161,
      "Administered_Dose1_pct_known": 46.5,
      "Administered_Dose1_pct_US": 0,
      "Administered_Dose2": 44094833,
      "Administered_Dose2_pct_known": 45.2,
      "Administered_Dose2_pct_US": 0,
      "Series_Complete_Yes": 48286588,
      "Series_Complete_Pop_Pct_known": 45.7,
      "Series_Complete_Pop_Pct_US": 0,
      "Administered_Dose1_pct_agegroup": 0,
      "Series_Complete_Pop_pct_agegroup": 0,
      "census": 0,
      "Administered_Dose1_Last14Days": 5413366,
      "Administered_Dose1_pct_known_Last14Days": 51.9,
      "Series_Complete_Yes_Last14Days": 8612993,
      "Series_Complete_Pop_Pct_known_Last14Days": 50.2
    },
    {
      "Date": "2021-05-10",
      "Demographic_category": "Sex_unknown",
      "Administered_Dose1": 13135738,
      "Administered_Dose1_pct_known": 9.4,
      "Administered_Dose1_pct_US": 0,
      "Administered_Dose2": 9053146,
      "Administered_Dose2_pct_known": 9.3,
      "Administered_Dose2_pct_US": 0,
      "Series_Complete_Yes": 9844194,
      "Series_Complete_Pop_Pct_known": 9.3,
      "Series_Complete_Pop_Pct_US": 0,
      "Administered_Dose1_pct_agegroup": 0,
      "Series_Complete_Pop_pct_agegroup": 0,
      "census": 0,
      "Administered_Dose1_Last14Days": null,
      "Administered_Dose1_pct_known_Last14Days": null,
      "Series_Complete_Yes_Last14Days": null,
      "Series_Complete_Pop_Pct_known_Last14Days": null
    },
    {
      "Date": "2021-05-10",
      "Demographic_category": "US",
      "Administered_Dose1": 152819904,
      "Administered_Dose1_pct_known": 0,
      "Administered_Dose1_pct_US": 0,
      "Administered_Dose2": 106572015,
      "Administered_Dose2_pct_known": 0,
      "Administered_Dose2_pct_US": 0,
      "Series_Complete_Yes": 115530780,
      "Series_Complete_Pop_Pct_known": 0,
      "Series_Complete_Pop_Pct_US": 0,
      "Administered_Dose1_pct_agegroup": 0,
      "Series_Complete_Pop_pct_agegroup": 0,
      "census": 0,
      "Administered_Dose1_Last14Days": null,
      "Administered_Dose1_pct_known_Last14Days": null,
      "Series_Complete_Yes_Last14Days": null,
      "Series_Complete_Pop_Pct_known_Last14Days": null
    }
  ]
}
