{
  "runid": 1842,
  "vaccination_demographics_data": [
    {
      "Date": "2021-03-07",
      "Demographic_category": "Age_known",
      "Administered_Dose1": 54560388,
      "Administered_Dose1_pct_known": 0,
      "Administered_Dose1_pct_US": 92,
      "Administered_Dose2": 28335585,
      "Administered_Dose2_pct_known": 0,
      "Administered_Dose2_pct_US": 92
    },
    {
      "Date": "2021-03-07",
      "Demographic_category": "Age_unknown",
      "Administered_Dose1": 4313322,
      "Administered_Dose1_pct_known": 0,
      "Administered_Dose1_pct_US": 0,
      "Administered_Dose2": 2351296,
      "Administered_Dose2_pct_known": 0,
      "Administered_Dose2_pct_US": 0
    },
    {
      "Date": "2021-03-07",
      "Demographic_category": "Ages_<18yrs",
      "Administered_Dose1": 40882,
      "Administered_Dose1_pct_known": 0.1,
      "Administered_Dose1_pct_US": 0,
      "Administered_Dose2": 12514,
      "Administered_Dose2_pct_known": 0,
      "Administered_Dose2_pct_US": 0
    },
    {
      "Date": "2021-03-07",
      "Demographic_category": "Ages_18-29_yrs",
      "Administered_Dose1": 3621270,
      "Administered_Dose1_pct_known": 6.6,
      "Administered_Dose1_pct_US": 0,
      "Administered_Dose2": 2019278,
      "Administered_Dose2_pct_known": 7.1,
      "Administered_Dose2_pct_US": 0
    },
    {
      "Date": "2021-03-07",
      "Demographic_category": "Ages_30-39_yrs",
      "Administered_Dose1": 5173259,
      "Administered_Dose1_pct_known": 9.5,
      "Administered_Dose1_pct_US": 0,
      "Administered_Dose2": 3104436,
      "Administered_Dose2_pct_known": 11,
      "Administered_Dose2_pct_US": 0
    },
    {
      "Date": "2021-03-07",
      "Demographic_category": "Ages_40-49_yrs",
      "Administered_Dose1": 5531686,
      "Administered_Dose1_pct_known": 10.1,
      "Administered_Dose1_pct_US": 0,
      "Administered_Dose2": 3214848,
      "Administered_Dose2_pct_known": 11.3,
      "Administered_Dose2_pct_US": 0
    },
    {
      "Date": "2021-03-07",
      "Demographic_category": "Ages_50-64_yrs",
      "Administered_Dose1": 10445213,
      "Administered_Dose1_pct_known": 19.1,
      "Administered_Dose1_pct_US": 0,
      "Administered_Dose2": 5426581,
      "Administered_Dose2_pct_known": 19.2,
      "Administered_Dose2_pct_US": 0
    },
    {
      "Date": "2021-03-07",
      "Demographic_category": "Ages_65-74_yrs",
      "Administered_Dose1": 15318556,
      "Administered_Dose1_pct_known": 28.1,
      "Administered_Dose1_pct_US": 0,
      "Administered_Dose2": 6577684,
      "Administered_Dose2_pct_known": 23.2,
      "Administered_Dose2_pct_US": 0
    },
    {
      "Date": "2021-03-07",
      "Demographic_category": "Ages_75+_yrs",
      "Administered_Dose1": 14429522,
      "Administered_Dose1_pct_known": 26.4,
      "Administered_Dose1_pct_US": 0,
      "Administered_Dose2": 7980244,
      "Administered_Dose2_pct_known": 28.2,
      "Administered_Dose2_pct_US": 0
    },
    {
      "Date": "2021-03-07",
      "Demographic_category": "Race_eth_Hispanic",
      "Administered_Dose1": 2664250,
      "Administered_Dose1_pct_known": 8.5,
      "Administered_Dose1_pct_US": 0,
      "Administered_Dose2": 1190235,
      "Administered_Dose2_pct_known": 7.3,
      "Administered_Dose2_pct_US": 0
    },
    {
      "Date": "2021-03-07",
      "Demographic_category": "Race_eth_known",
      "Administered_Dose1": 31371315,
      "Administered_Dose1_pct_known": 0,
      "Administered_Dose1_pct_US": 53.3,
      "Administered_Dose2": 16196428,
      "Administered_Dose2_pct_known": 0,
      "Administered_Dose2_pct_US": 52.8
    },
    {
      "Date": "2021-03-07",
      "Demographic_category": "Race_eth_NHAIAN",
      "Administered_Dose1": 527693,
      "Administered_Dose1_pct_known": 1.7,
      "Administered_Dose1_pct_US": 0,
      "Administered_Dose2": 285748,
      "Administered_Dose2_pct_known": 1.8,
      "Administered_Dose2_pct_US": 0
    },
    {
      "Date": "2021-03-07",
      "Demographic_category": "Race_eth_NHAsian",
      "Administered_Dose1": 1485092,
      "Administered_Dose1_pct_known": 4.7,
      "Administered_Dose1_pct_US": 0,
      "Administered_Dose2": 699015,
      "Administered_Dose2_pct_known": 4.3,
      "Administered_Dose2_pct_US": 0
    },
    {
      "Date": "2021-03-07",
      "Demographic_category": "Race_eth_NHBlack",
      "Administered_Dose1": 2202930,
      "Administered_Dose1_pct_known": 7,
      "Administered_Dose1_pct_US": 0,
      "Administered_Dose2": 1029496,
      "Administered_Dose2_pct_known": 6.4,
      "Administered_Dose2_pct_US": 0
    },
    {
      "Date": "2021-03-07",
      "Demographic_category": "Race_eth_NHMult_Oth",
      "Administered_Dose1": 3893541,
      "Administered_Dose1_pct_known": 12.4,
      "Administered_Dose1_pct_US": 0,
      "Administered_Dose2": 2026339,
      "Administered_Dose2_pct_known": 12.5,
      "Administered_Dose2_pct_US": 0
    },
    {
      "Date": "2021-03-07",
      "Demographic_category": "Race_eth_NHNHOPI",
      "Administered_Dose1": 78990,
      "Administered_Dose1_pct_known": 0.3,
      "Administered_Dose1_pct_US": 0,
      "Administered_Dose2": 40914,
      "Administered_Dose2_pct_known": 0.3,
      "Administered_Dose2_pct_US": 0
    },
    {
      "Date": "2021-03-07",
      "Demographic_category": "Race_eth_NHWhite",
      "Administered_Dose1": 20518819,
      "Administered_Dose1_pct_known": 65.4,
      "Administered_Dose1_pct_US": 0,
      "Administered_Dose2": 10924681,
      "Administered_Dose2_pct_known": 67.5,
      "Administered_Dose2_pct_US": 0
    },
    {
      "Date": "2021-03-07",
      "Demographic_category": "Race_eth_unknown",
      "Administered_Dose1": 27502395,
      "Administered_Dose1_pct_known": 87.7,
      "Administered_Dose1_pct_US": 0,
      "Administered_Dose2": 14490453,
      "Administered_Dose2_pct_known": 89.5,
      "Administered_Dose2_pct_US": 0
    },
    {
      "Date": "2021-03-07",
      "Demographic_category": "Sex_Female",
      "Administered_Dose1": 31040150,
      "Administered_Dose1_pct_known": 57.7,
      "Administered_Dose1_pct_US": 0,
      "Administered_Dose2": 16603525,
      "Administered_Dose2_pct_known": 59.5,
      "Administered_Dose2_pct_US": 0
    },
    {
      "Date": "2021-03-07",
      "Demographic_category": "Sex_known",
      "Administered_Dose1": 53776204,
      "Administered_Dose1_pct_known": 0,
      "Administered_Dose1_pct_US": 91.3,
      "Administered_Dose2": 27919342,
      "Administered_Dose2_pct_known": 0,
      "Administered_Dose2_pct_US": 91
    },
    {
      "Date": "2021-03-07",
      "Demographic_category": "Sex_Male",
      "Administered_Dose1": 22736054,
      "Administered_Dose1_pct_known": 42.3,
      "Administered_Dose1_pct_US": 0,
      "Administered_Dose2": 11315817,
      "Administered_Dose2_pct_known": 40.5,
      "Administered_Dose2_pct_US": 0
    },
    {
      "Date": "2021-03-07",
      "Demographic_category": "Sex_unknown",
      "Administered_Dose1": 5097506,
      "Administered_Dose1_pct_known": 9.5,
      "Administered_Dose1_pct_US": 0,
      "Administered_Dose2": 2767539,
      "Administered_Dose2_pct_known": 9.9,
      "Administered_Dose2_pct_US": 0
    },
    {
      "Date": "2021-03-07",
      "Demographic_category": "US",
      "Administered_Dose1": 58873710,
      "Administered_Dose1_pct_known": 0,
      "Administered_Dose1_pct_US": 0,
      "Administered_Dose2": 30686881,
      "Administered_Dose2_pct_known": 0,
      "Administered_Dose2_pct_US": 0
    }
  ]
}
